datetime,energy_kwh,temp_C,rh_pct
2020-01-01,515.0,6.2870833333333325,80.50291666666666
2020-01-02,669.0,6.922916666666667,87.34958333333333
2020-01-03,675.0,7.815416666666667,78.2625
2020-01-04,756.0,8.952083333333333,63.42958333333333
2020-01-05,686.0,8.606250000000001,69.06458333333333
2020-01-06,779.0,7.998333333333334,79.96916666666667
2020-01-07,1689.0,9.11875,67.965
2020-01-08,1706.0,9.807083333333333,82.395
2020-01-09,1712.0,8.68125,90.77291666666667
2020-01-10,1635.0,8.047916666666667,83.32541666666667
2020-01-11,927.0,6.812916666666666,64.82625
2020-01-12,826.0,6.522083333333334,58.63375
2020-01-13,1838.0,5.8725,70.14166666666667
2020-01-14,1814.0,6.564583333333334,67.95916666666666
2020-01-15,1659.0,7.040833333333333,72.61541666666666
2020-01-16,1633.0,8.418333333333333,79.69125
2020-01-17,736.0,8.469166666666666,78.36833333333333
2020-01-18,511.0,8.631666666666666,66.7675
2020-01-19,501.0,6.658333333333334,67.20041666666667
2020-01-20,1705.0,5.955416666666667,76.28583333333333
2020-01-21,1569.0,10.1675,91.50541666666668
2020-01-22,1509.0,11.983333333333334,95.40958333333333
2020-01-23,1550.0,10.27875,87.90166666666666
2020-01-24,1490.0,8.700416666666667,76.68916666666667
2020-01-25,541.0,8.96875,88.55958333333332
2020-01-26,524.0,10.134166666666667,83.64041666666667
2020-01-27,1685.0,7.051666666666667,84.36125
2020-01-28,1645.0,9.011666666666667,82.995
2020-01-29,1596.0,9.54125,77.31208333333333
2020-01-30,1555.0,10.32,84.60000000000001
2020-01-31,1357.0,11.834166666666667,82.18791666666667
2020-02-01,549.0,12.832083333333335,80.48916666666666
2020-02-02,537.0,13.567083333333334,76.08
2020-02-03,1432.0,14.699166666666665,69.93208333333332
2020-02-04,1369.0,11.798333333333334,65.1275
2020-02-05,1461.0,9.690416666666666,55.71208333333333
2020-02-06,1434.0,8.962083333333334,77.82708333333333
2020-02-07,1372.0,9.273333333333333,82.3225
2020-02-08,568.0,9.098333333333334,83.84541666666667
2020-02-09,533.0,9.707916666666668,84.48666666666666
2020-02-10,1555.0,11.920416666666666,82.19083333333333
2020-02-11,1515.0,12.373333333333333,82.03708333333334
2020-02-12,1606.0,10.401666666666666,90.72208333333333
2020-02-13,1517.0,11.683333333333332,86.9875
2020-02-14,1400.0,10.377916666666666,91.77999999999999
2020-02-15,504.0,11.163333333333334,87.58583333333333
2020-02-16,505.0,11.094583333333333,89.99458333333332
2020-02-17,1554.0,12.541666666666666,84.31916666666667
2020-02-18,1562.0,10.678333333333335,74.8425
2020-02-19,1534.0,9.632916666666667,74.94583333333334
2020-02-20,1567.0,10.043333333333333,71.89416666666666
2020-02-21,1449.0,10.921666666666667,74.06875000000001
2020-02-22,529.0,10.82625,76.21249999999999
2020-02-23,512.0,12.996666666666668,65.60375
2020-02-24,1553.0,13.899166666666666,60.02708333333334
2020-02-25,1563.0,11.484583333333333,69.30916666666667
2020-02-26,1564.0,10.157083333333334,63.5875
2020-02-27,1531.0,10.804166666666667,67.74833333333333
2020-02-28,1439.0,10.604583333333332,84.49125
2020-02-29,540.0,13.412083333333333,78.8425
2020-03-01,523.0,12.467500000000001,72.52291666666666
2020-03-02,1611.0,11.748333333333333,67.64958333333333
2020-03-03,1605.0,9.149583333333334,72.38916666666667
2020-03-04,1531.0,10.980833333333335,77.70208333333333
2020-03-05,1512.0,12.560416666666667,73.05708333333334
2020-03-06,1461.0,8.299583333333333,64.10083333333334
2020-03-07,516.0,9.712916666666667,60.16083333333333
2020-03-08,506.0,11.41125,69.41791666666667
2020-03-09,1628.0,10.609166666666667,67.30208333333333
2020-03-10,1589.0,10.543750000000001,74.8225
2020-03-11,1490.0,12.832500000000001,73.14166666666667
2020-03-12,1460.0,15.21375,70.38875
2020-03-13,963.0,12.480833333333335,89.53916666666667
2020-03-14,536.0,12.746250000000002,82.15166666666667
2020-03-15,526.0,11.924166666666666,83.50416666666666
2020-03-16,792.0,11.328333333333333,92.77041666666666
2020-03-17,692.0,12.373333333333333,84.55916666666667
2020-03-18,669.0,12.417499999999999,76.82416666666667
2020-03-19,698.0,10.965000000000002,76.00666666666667
2020-03-20,655.0,10.042916666666667,77.71833333333333
2020-03-21,472.0,10.485,80.71458333333334
2020-03-22,478.0,10.665416666666667,84.82458333333334
2020-03-23,554.0,11.424166666666666,85.02416666666666
2020-03-24,522.0,9.609166666666667,76.79416666666667
2020-03-25,469.0,7.917083333333333,68.27708333333334
2020-03-26,465.0,6.209583333333334,83.175
2020-03-27,469.0,8.405833333333334,59.70666666666667
2020-03-28,465.0,10.275,73.08333333333333
2020-03-29,447.0,12.758333333333333,66.90916666666666
2020-03-30,476.0,7.841666666666666,88.9175
2020-03-31,481.0,9.4375,84.19333333333333
2020-04-01,475.0,9.805,90.16333333333334
2020-04-02,475.0,9.82375,79.53625
2020-04-03,468.0,10.717916666666667,76.67166666666667
2020-04-04,463.0,11.833333333333334,76.68541666666667
2020-04-05,463.0,11.39625,74.63541666666667
2020-04-06,472.0,12.494166666666667,71.54125
2020-04-07,472.0,12.462916666666667,73.67166666666667
2020-04-08,476.0,13.482916666666666,68.83208333333333
2020-04-09,480.0,14.245833333333332,67.6025
2020-04-10,480.0,14.47375,67.25291666666666
2020-04-11,469.0,14.248333333333333,74.00416666666668
2020-04-12,472.0,13.674166666666666,71.48541666666667
2020-04-13,485.0,12.80375,89.85666666666667
2020-04-14,485.0,13.960416666666667,75.86041666666667
2020-04-15,478.0,13.584583333333335,78.46541666666667
2020-04-16,497.0,14.508333333333333,77.77291666666666
2020-04-17,483.0,14.996666666666668,79.85000000000001
2020-04-18,475.0,16.28875,78.55499999999999
2020-04-19,478.0,15.737916666666669,88.85125
2020-04-20,493.0,14.693333333333333,82.8625
2020-04-21,509.0,13.554166666666667,88.10875
2020-04-22,563.0,13.582916666666668,77.92625
2020-04-23,564.0,14.727083333333333,79.60458333333334
2020-04-24,565.0,16.02625,72.7
2020-04-25,491.0,15.731250000000001,72.83291666666666
2020-04-26,497.0,15.957083333333335,78.77958333333333
2020-04-27,630.0,15.283333333333333,86.33166666666666
2020-04-28,594.0,15.509166666666667,71.04625
2020-04-29,590.0,15.0,71.56375
2020-04-30,708.0,15.828333333333333,68.24041666666666
2020-05-01,543.0,17.739166666666666,71.40208333333334
2020-05-02,519.0,19.44333333333333,70.57583333333334
2020-05-03,516.0,18.985416666666666,72.17999999999999
2020-05-04,617.0,19.51125,68.25583333333334
2020-05-05,616.0,20.525833333333335,64.50041666666667
2020-05-06,611.0,20.655,63.09791666666666
2020-05-07,591.0,19.11,70.48583333333333
2020-05-08,591.0,17.519166666666667,73.58666666666666
2020-05-09,527.0,16.968333333333334,81.53
2020-05-10,520.0,15.995416666666666,88.00208333333335
2020-05-11,571.0,16.069583333333334,73.655
2020-05-12,622.0,15.962916666666667,77.1425
2020-05-13,622.0,16.854583333333334,71.63625
2020-05-14,627.0,14.247916666666667,88.91375
2020-05-15,604.0,16.312916666666666,77.925
2020-05-16,516.0,16.434583333333332,80.53958333333334
2020-05-17,517.0,18.014166666666664,67.24125
2020-05-18,603.0,18.492083333333333,64.46875
2020-05-19,620.0,20.46,59.66916666666666
2020-05-20,631.0,21.27625,54.729166666666664
2020-05-21,628.0,22.743750000000002,60.52
2020-05-22,628.0,22.780416666666667,62.36541666666667
2020-05-23,545.0,22.249166666666667,63.0925
2020-05-24,552.0,19.71,75.94166666666666
2020-05-25,658.0,19.353333333333335,73.31416666666667
2020-05-26,647.0,20.914166666666667,61.70458333333334
2020-05-27,635.0,20.130416666666665,65.08125
2020-05-28,645.0,19.602916666666665,66.7725
2020-05-29,658.0,20.3325,71.69666666666667
2020-05-30,568.0,19.268333333333334,76.72875
2020-05-31,563.0,19.76125,70.71375
2020-06-01,670.0,19.58458333333333,76.34916666666668
2020-06-02,631.0,20.0925,73.3475
2020-06-03,698.0,19.82166666666667,79.58083333333333
2020-06-04,734.0,18.417916666666667,73.09333333333333
2020-06-05,742.0,18.825416666666666,66.09208333333333
2020-06-06,545.0,20.234583333333333,75.37541666666667
2020-06-07,551.0,17.692916666666665,83.23583333333333
2020-06-08,699.0,15.424999999999999,81.94416666666667
2020-06-09,702.0,16.905833333333334,71.04083333333334
2020-06-10,182.0,17.49125,73.31625
2020-06-11,403.0,17.62,82.9325
2020-06-12,688.0,19.499166666666667,69.42666666666666
2020-06-13,550.0,19.600416666666668,62.77791666666667
2020-06-14,555.0,19.122083333333332,74.82166666666667
2020-06-15,728.0,19.98875,74.00833333333334
2020-06-16,763.0,17.93625,80.22208333333333
2020-06-17,722.0,18.8075,72.40541666666667
2020-06-18,746.0,18.385833333333334,80.24708333333334
2020-06-19,722.0,18.83125,75.28583333333333
2020-06-20,552.0,21.163333333333334,76.69916666666667
2020-06-21,559.0,22.900000000000002,74.1575
2020-06-22,809.0,22.694999999999997,70.13875
2020-06-23,791.0,23.376666666666665,68.91541666666667
2020-06-24,629.0,23.165000000000003,71.99541666666666
2020-06-25,803.0,23.49625,70.58333333333333
2020-06-26,773.0,24.380416666666665,64.34708333333333
2020-06-27,554.0,23.400833333333335,73.175
2020-06-28,561.0,24.343333333333334,72.0375
2020-06-29,804.0,23.821250000000003,75.86083333333333
2020-06-30,832.0,23.835416666666664,75.10083333333334
2020-07-01,844.0,25.545416666666668,66.73125
2020-07-02,895.0,24.433333333333334,75.87875000000001
2020-07-03,873.0,22.052916666666665,77.04541666666667
2020-07-04,607.0,21.92625,76.63208333333334
2020-07-05,612.0,24.332083333333333,65.24041666666666
2020-07-06,929.0,25.514583333333334,65.00708333333334
2020-07-07,1184.0,23.109583333333333,66.24416666666666
2020-07-08,1071.0,23.94125,63.331250000000004
2020-07-09,1057.0,25.406666666666666,62.95041666666666
2020-07-10,962.0,24.22,68.7175
2020-07-11,579.0,24.480416666666667,70.94666666666667
2020-07-12,604.0,23.536666666666665,69.70041666666667
2020-07-13,881.0,23.642916666666665,71.50333333333333
2020-07-14,973.0,22.73,67.51541666666667
2020-07-15,940.0,23.314999999999998,68.0025
2020-07-16,923.0,21.735,78.87041666666667
2020-07-17,930.0,22.83458333333333,75.55125
2020-07-18,597.0,23.364166666666666,76.81458333333333
2020-07-19,603.0,24.58125,69.81958333333334
2020-07-20,843.0,24.417083333333334,69.56750000000001
2020-07-21,751.0,25.4375,63.51291666666666
2020-07-22,777.0,25.286666666666665,59.52791666666667
2020-07-23,767.0,25.563333333333333,64.72708333333334
2020-07-24,770.0,25.1125,69.21458333333334
2020-07-25,612.0,24.989166666666666,74.20166666666667
2020-07-26,618.0,25.5475,68.11208333333333
2020-07-27,953.0,26.697083333333335,61.38583333333333
2020-07-28,991.0,26.575833333333335,62.947916666666664
2020-07-29,861.0,26.24,66.63083333333333
2020-07-30,823.0,27.292916666666667,61.39124999999999
2020-07-31,821.0,27.831666666666667,60.27166666666667
2020-08-01,521.0,28.413749999999997,59.46666666666667
2020-08-02,552.0,26.375833333333333,69.84583333333333
2020-08-03,623.0,24.009583333333335,71.24458333333334
2020-08-04,625.0,23.309166666666666,67.10625
2020-08-05,563.0,24.032916666666665,69.83833333333332
2020-08-06,618.0,25.93958333333333,65.2325
2020-08-07,630.0,26.393333333333334,60.54708333333334
2020-08-08,523.0,26.959999999999997,58.928333333333335
2020-08-09,534.0,27.18541666666667,64.70791666666666
2020-08-10,666.0,26.937916666666666,62.25208333333333
2020-08-11,671.0,26.167083333333334,65.05083333333333
2020-08-12,639.0,25.607083333333335,71.14874999999999
2020-08-13,650.0,26.18541666666667,69.07291666666667
2020-08-14,549.0,24.9825,73.49583333333334
2020-08-15,390.0,24.857916666666668,72.14208333333333
2020-08-16,394.0,25.067916666666665,71.21625
2020-08-17,405.0,24.603333333333335,69.69083333333333
2020-08-18,405.0,24.375833333333333,66.82375
2020-08-19,406.0,25.88291666666667,65.69958333333334
2020-08-20,406.0,25.938333333333333,74.14083333333333
2020-08-21,411.0,26.038749999999997,74.1125
2020-08-22,394.0,25.840833333333332,72.96166666666666
2020-08-23,392.0,24.97,69.32375
2020-08-24,691.0,24.04875,72.80083333333333
2020-08-25,880.0,25.865416666666665,70.95541666666666
2020-08-26,918.0,26.205,70.62625
2020-08-27,787.0,25.950416666666666,75.3
2020-08-28,704.0,24.84166666666667,74.87291666666667
2020-08-29,550.0,18.794999999999998,76.76291666666667
2020-08-30,546.0,19.807083333333335,67.72416666666666
2020-08-31,691.0,20.698333333333334,60.67041666666666
2020-09-01,930.0,20.72875,65.02166666666666
2020-09-02,973.0,20.90125,69.09916666666666
2020-09-03,960.0,22.505,67.57625
2020-09-04,970.0,23.05458333333333,70.42541666666666
2020-09-05,597.0,23.181250000000002,74.34083333333334
2020-09-06,605.0,23.685000000000002,70.11541666666666
2020-09-07,982.0,18.58875,68.47833333333334
2020-09-08,1020.0,20.30333333333333,64.605
2020-09-09,1040.0,19.330416666666668,81.52291666666666
2020-09-10,1059.0,21.397499999999997,66.7025
2020-09-11,671.0,23.292083333333334,66.73916666666666
2020-09-12,629.0,23.949583333333333,63.727916666666665
2020-09-13,627.0,24.64916666666667,58.71458333333334
2020-09-14,1113.0,23.754166666666666,65.17125
2020-09-15,1232.0,22.984583333333333,74.33833333333334
2020-09-16,1230.0,23.883333333333336,68.64
2020-09-17,1150.0,24.150000000000002,63.559583333333336
2020-09-18,1160.0,21.8225,78.85375
2020-09-19,656.0,22.375,72.47291666666666
2020-09-20,642.0,21.219166666666666,68.9575
2020-09-21,1295.0,20.82125,74.09708333333333
2020-09-22,1350.0,20.57875,71.40416666666667
2020-09-23,1265.0,21.370416666666667,70.20875
2020-09-24,1239.0,20.5675,70.86958333333332
2020-09-25,1205.0,15.812083333333334,61.78916666666667
2020-09-26,575.0,15.72875,64.59916666666668
2020-09-27,575.0,13.92,60.4025
2020-09-28,1250.0,16.899166666666666,61.305
2020-09-29,1233.0,17.709166666666665,71.15083333333332
2020-09-30,1199.0,17.97875,69.71583333333334
2020-10-01,1214.0,19.589166666666667,75.86291666666666
2020-10-02,1254.0,15.169583333333334,79.56875000000001
2020-10-03,565.0,12.83,69.75375
2020-10-04,555.0,13.4075,68.57916666666667
2020-10-05,1330.0,14.036666666666667,66.73083333333334
2020-10-06,1335.0,16.72791666666667,70.11291666666666
2020-10-07,1311.0,18.32,77.68166666666666
2020-10-08,1303.0,18.504583333333333,82.60041666666667
2020-10-09,1259.0,18.903333333333332,86.65708333333333
2020-10-10,575.0,17.365416666666665,89.85916666666667
2020-10-11,600.0,14.42875,64.07291666666667
2020-10-12,584.0,13.6875,57.981249999999996
2020-10-13,1247.0,14.687083333333334,64.36708333333333
2020-10-14,1285.0,12.934583333333334,74.96708333333333
2020-10-15,1304.0,11.32,63.53791666666667
2020-10-16,1277.0,11.93,56.7425
2020-10-17,549.0,12.999166666666667,59.53208333333333
2020-10-18,551.0,14.020416666666668,68.24791666666667
2020-10-19,1424.0,14.6825,79.33958333333334
2020-10-20,1367.0,16.273333333333333,85.29833333333333
2020-10-21,1321.0,17.911666666666665,91.35416666666667
2020-10-22,1221.0,17.16625,93.675
2020-10-23,1173.0,16.236250000000002,76.36333333333333
2020-10-24,555.0,14.669583333333334,70.23916666666666
2020-10-25,579.0,14.19,76.68916666666667
2020-10-26,1220.0,12.402083333333332,75.66666666666667
2020-10-27,1232.0,11.364583333333334,72.37125
2020-10-28,1188.0,14.39,74.73625
2020-10-29,1153.0,14.960833333333333,79.42708333333333
2020-10-30,1107.0,16.047916666666666,66.24625
2020-10-31,522.0,16.254166666666666,63.451249999999995
2020-11-01,525.0,15.724583333333333,73.75416666666666
2020-11-02,1181.0,16.08875,83.58166666666666
2020-11-03,1207.0,14.863750000000001,91.15791666666667
2020-11-04,1219.0,11.926666666666668,78.56583333333333
2020-11-05,1218.0,13.204166666666666,82.57291666666667
2020-11-06,1204.0,15.921666666666667,90.24916666666667
2020-11-07,563.0,15.22625,96.065
2020-11-08,543.0,13.575416666666667,77.7375
2020-11-09,1254.0,13.581249999999999,73.03291666666667
2020-11-10,1190.0,13.333333333333334,80.77583333333334
2020-11-11,1085.0,12.907916666666667,83.64916666666666
2020-11-12,1119.0,13.573333333333332,74.96833333333333
2020-11-13,1207.0,13.916666666666666,75.37375
2020-11-14,535.0,14.375833333333333,80.80958333333334
2020-11-15,537.0,13.6,85.55208333333333
2020-11-16,1138.0,13.958333333333334,87.31374999999998
2020-11-17,1165.0,13.96875,85.52499999999999
2020-11-18,1276.0,13.567083333333334,87.685
2020-11-19,1197.0,14.599166666666667,73.59333333333333
2020-11-20,1304.0,10.114166666666668,58.300000000000004
2020-11-21,507.0,8.828750000000001,56.36625
2020-11-22,498.0,8.952083333333333,68.5125
2020-11-23,1455.0,9.679583333333333,74.30583333333333
2020-11-24,1436.0,10.890416666666667,82.83333333333333
2020-11-25,1348.0,12.34625,87.17750000000001
2020-11-26,1387.0,12.81,91.96208333333334
2020-11-27,1326.0,13.025,92.14541666666666
2020-11-28,558.0,12.617916666666666,90.0825
2020-11-29,564.0,12.314583333333333,80.69416666666667
2020-11-30,1517.0,11.481250000000001,79.03666666666666
2020-12-01,1482.0,10.919166666666667,76.64
2020-12-02,1482.0,7.612916666666667,65.74291666666666
2020-12-03,1428.0,6.6499999999999995,71.11833333333333
2020-12-04,1454.0,6.453333333333333,75.85666666666667
2020-12-05,621.0,4.993333333333333,79.01291666666667
2020-12-06,605.0,5.347916666666666,85.30166666666666
2020-12-07,1112.0,6.52375,88.46125
2020-12-08,719.0,6.194166666666667,83.15291666666667
2020-12-09,1572.0,6.358333333333333,73.33083333333333
2020-12-10,1493.0,8.08,80.735
2020-12-11,1471.0,9.353333333333333,90.33708333333334
2020-12-12,567.0,8.500416666666666,77.16333333333334
2020-12-13,562.0,8.415000000000001,75.05125
2020-12-14,1586.0,9.760416666666666,93.305
2020-12-15,1557.0,10.512500000000001,89.67583333333333
2020-12-16,1510.0,9.570416666666667,74.89791666666666
2020-12-17,1480.0,10.785833333333334,88.7675
2020-12-18,1419.0,11.746250000000002,95.16291666666666
2020-12-19,549.0,10.172916666666667,88.43083333333334
2020-12-20,550.0,9.940416666666666,87.14958333333334
2020-12-21,1537.0,8.9925,83.22791666666667
2020-12-22,1483.0,10.835833333333333,87.50208333333335
2020-12-23,1177.0,10.37625,94.56791666666668
2020-12-24,697.0,8.867083333333333,84.96458333333334
2020-12-25,417.0,4.962083333333333,63.059583333333336
2020-12-26,396.0,4.842083333333334,56.24041666666667
2020-12-27,394.0,3.41625,73.03041666666667
2020-12-28,414.0,5.232916666666667,82.8175
2020-12-29,409.0,4.54875,85.09916666666668
2020-12-30,409.0,4.684583333333333,82.54375
2020-12-31,407.0,4.874583333333333,84.8225
2021-01-01,406.0,4.039166666666667,87.63416666666666
2021-01-02,390.0,3.1641666666666666,71.10833333333333
2021-01-03,395.0,3.9483333333333337,59.31333333333333
2021-01-04,657.0,2.654166666666667,79.27458333333333
2021-01-05,694.0,2.25,77.28125
2021-01-06,653.0,3.4804166666666667,72.82208333333334
2021-01-07,1689.0,3.4320833333333334,78.40625
2021-01-08,1694.0,3.1125000000000003,65.62041666666667
2021-01-09,604.0,3.827083333333333,90.51416666666667
2021-01-10,599.0,3.6320833333333336,85.34125
2021-01-11,1806.0,3.3433333333333333,80.98875
2021-01-12,1848.0,3.7258333333333336,66.61375
2021-01-13,1699.0,7.288333333333333,73.06958333333334
2021-01-14,1703.0,6.148333333333333,76.33583333333333
2021-01-15,1672.0,4.845416666666667,76.44583333333334
2021-01-16,562.0,5.498333333333334,62.16583333333333
2021-01-17,559.0,7.983333333333333,73.48958333333333
2021-01-18,1708.0,6.59875,79.02666666666666
2021-01-19,1693.0,6.4925,88.10125
2021-01-20,1599.0,8.274166666666668,94.72625
2021-01-21,1553.0,8.19,87.06416666666667
2021-01-22,1483.0,8.109166666666667,85.14125
2021-01-23,614.0,6.570833333333333,86.06875000000001
2021-01-24,611.0,9.301666666666668,72.84666666666666
2021-01-25,1616.0,7.226666666666667,90.20333333333333
2021-01-26,1571.0,7.752083333333334,84.90708333333333
2021-01-27,1508.0,10.459999999999999,84.65458333333333
2021-01-28,1439.0,11.76375,85.20291666666667
2021-01-29,1313.0,12.728333333333333,82.53791666666667
2021-01-30,591.0,10.360416666666667,80.2525
2021-01-31,585.0,9.2825,81.06625
2021-02-01,1283.0,10.807916666666666,79.45791666666666
2021-02-02,1264.0,11.005416666666667,83.93041666666666
2021-02-03,1312.0,11.577083333333334,79.01583333333333
2021-02-04,1327.0,10.621666666666666,89.94125000000001
2021-02-05,1266.0,10.332916666666668,85.0775
2021-02-06,564.0,11.100833333333334,84.92916666666666
2021-02-07,571.0,6.982916666666667,87.19125000000001
2021-02-08,1392.0,7.255416666666666,83.42958333333333
2021-02-09,1484.0,7.6241666666666665,90.42666666666666
2021-02-10,1544.0,7.555,80.80541666666666
2021-02-11,1442.0,9.240416666666667,75.04958333333333
2021-02-12,1448.0,9.865416666666667,92.47375
2021-02-13,568.0,9.905416666666666,79.42125
2021-02-14,567.0,7.235833333333333,84.18458333333334
2021-02-15,735.0,7.302916666666667,87.91250000000001
2021-02-16,1529.0,9.90375,86.91458333333333
2021-02-17,1487.0,10.421249999999999,82.8725
2021-02-18,1527.0,10.287916666666666,83.69708333333334
2021-02-19,1512.0,10.485833333333334,81.99708333333334
2021-02-20,622.0,9.401666666666667,89.64041666666667
2021-02-21,622.0,10.777083333333332,91.41166666666668
2021-02-22,1572.0,11.103333333333333,92.01666666666667
2021-02-23,1524.0,11.109583333333333,91.97166666666668
2021-02-24,1399.0,11.654166666666667,86.72208333333333
2021-02-25,1369.0,11.099583333333333,81.105
2021-02-26,1368.0,11.052916666666667,81.52499999999999
2021-02-27,563.0,12.000416666666666,77.21
2021-02-28,564.0,10.08,78.38833333333334
2021-03-01,1541.0,10.216666666666667,85.65958333333333
2021-03-02,1499.0,10.510416666666666,85.40249999999999
2021-03-03,1431.0,10.295416666666666,85.61166666666666
2021-03-04,1490.0,10.535416666666666,90.15208333333334
2021-03-05,1475.0,10.553333333333333,86.59375
2021-03-06,575.0,10.2375,86.1175
2021-03-07,566.0,9.3275,85.15583333333333
2021-03-08,1553.0,9.3575,86.46666666666665
2021-03-09,1559.0,10.555416666666666,68.95875
2021-03-10,1464.0,9.258750000000001,70.87916666666666
2021-03-11,1448.0,11.423333333333334,73.5225
2021-03-12,1434.0,10.83,84.33791666666667
2021-03-13,584.0,10.952083333333334,71.11791666666666
2021-03-14,582.0,10.11,71.47208333333333
2021-03-15,1511.0,11.50625,62.58791666666667
2021-03-16,1485.0,12.308333333333332,61.90833333333333
2021-03-17,1403.0,11.89625,62.48208333333333
2021-03-18,1441.0,9.803749999999999,67.67791666666666
2021-03-19,1469.0,5.958333333333333,82.76166666666667
2021-03-20,539.0,7.939166666666666,56.750416666666666
2021-03-21,536.0,8.956666666666667,54.7575
2021-03-22,1509.0,10.260416666666666,61.2275
2021-03-23,1475.0,11.440416666666666,69.70208333333333
2021-03-24,1395.0,12.1175,73.395
2021-03-25,1428.0,12.605833333333335,73.28666666666668
2021-03-26,1380.0,12.746666666666668,82.435
2021-03-27,528.0,11.849583333333333,81.94625
2021-03-28,497.0,12.767083333333334,73.18416666666667
2021-03-29,1068.0,12.994166666666667,72.9675
2021-03-30,999.0,13.823749999999999,69.21
2021-03-31,934.0,13.187916666666666,71.56125
2021-04-01,861.0,13.263333333333334,68.78916666666667
2021-04-02,546.0,14.5875,64.63625
2021-04-03,504.0,15.83375,67.07791666666667
2021-04-04,503.0,13.548333333333334,67.61125
2021-04-05,542.0,13.625,69.25
2021-04-06,1222.0,12.122083333333334,74.40708333333333
2021-04-07,1282.0,8.74625,60.000416666666666
2021-04-08,1323.0,9.660416666666666,62.67208333333334
2021-04-09,1254.0,9.827083333333333,80.03041666666667
2021-04-10,505.0,11.501249999999999,86.72541666666666
2021-04-11,477.0,12.482083333333334,88.10166666666667
2021-04-12,1337.0,11.525833333333333,66.81083333333333
2021-04-13,1389.0,10.858333333333334,77.61749999999999
2021-04-14,1394.0,11.500833333333333,76.20958333333333
2021-04-15,1419.0,11.099166666666667,66.5725
2021-04-16,1360.0,9.109166666666667,73.49458333333332
2021-04-17,530.0,9.510416666666666,60.83208333333334
2021-04-18,519.0,10.532083333333334,60.405833333333334
2021-04-19,1388.0,11.613750000000001,80.11874999999999
2021-04-20,1387.0,12.357916666666666,82.43083333333333
2021-04-21,1346.0,11.36625,84.29291666666667
2021-04-22,1302.0,12.23625,77.45291666666667
2021-04-23,1247.0,13.105416666666665,69.4225
2021-04-24,502.0,13.046666666666667,69.07416666666667
2021-04-25,501.0,14.202916666666667,66.86958333333332
2021-04-26,1451.0,13.644583333333335,74.61041666666667
2021-04-27,1449.0,13.553333333333335,80.68916666666667
2021-04-28,1321.0,14.377916666666666,81.41458333333334
2021-04-29,1303.0,15.04625,81.61125
2021-04-30,1189.0,14.339166666666666,86.54166666666667
2021-05-01,565.0,13.244583333333333,77.69083333333333
2021-05-02,555.0,11.418333333333335,79.8975
2021-05-03,1398.0,13.72625,64.08958333333332
2021-05-04,1322.0,14.655000000000001,72.55916666666667
2021-05-05,1209.0,16.485,73.33166666666666
2021-05-06,1241.0,16.842916666666667,78.03375
2021-05-07,1149.0,17.8775,73.35291666666667
2021-05-08,557.0,17.802916666666665,73.61874999999999
2021-05-09,554.0,16.6225,83.39333333333333
2021-05-10,1236.0,16.510833333333334,73.99458333333334
2021-05-11,1212.0,15.034583333333332,65.1875
2021-05-12,1173.0,15.746249999999998,64.82583333333334
2021-05-13,1216.0,15.402500000000002,60.302083333333336
2021-05-14,1145.0,16.325416666666666,61.451249999999995
2021-05-15,569.0,17.687083333333334,68.77125
2021-05-16,566.0,19.880416666666665,70.70458333333333
2021-05-17,1163.0,16.8325,68.11083333333333
2021-05-18,1206.0,17.052916666666665,75.76458333333333
2021-05-19,1178.0,16.26,73.33166666666666
2021-05-20,1193.0,16.462083333333332,75.28583333333333
2021-05-21,1111.0,16.39875,76.29083333333334
2021-05-22,569.0,16.175833333333333,70.77708333333334
2021-05-23,562.0,13.989166666666668,79.13083333333333
2021-05-24,1152.0,17.36916666666667,65.53958333333334
2021-05-25,1200.0,14.8275,79.48833333333333
2021-05-26,1154.0,16.379583333333333,72.42291666666667
2021-05-27,1064.0,18.549583333333334,68.46625
2021-05-28,1057.0,20.037916666666668,62.56791666666667
2021-05-29,666.0,21.633333333333336,60.35208333333333
2021-05-30,652.0,19.969583333333333,68.84208333333333
2021-05-31,1095.0,19.214166666666667,66.42875
2021-06-01,1157.0,19.934166666666666,70.53958333333334
2021-06-02,1099.0,19.83625,75.33791666666667
2021-06-03,1171.0,19.754583333333333,75.08666666666666
2021-06-04,1134.0,19.85375,73.58458333333333
2021-06-05,662.0,20.107499999999998,74.53208333333333
2021-06-06,622.0,19.437916666666666,79.74625
2021-06-07,1118.0,20.38,71.48625
2021-06-08,1208.0,21.883333333333336,63.65375
2021-06-09,1341.0,22.58666666666667,57.57041666666667
2021-06-10,1337.0,23.280833333333334,54.96541666666667
2021-06-11,1308.0,23.137916666666666,62.33625
2021-06-12,566.0,24.631666666666664,59.217083333333335
2021-06-13,560.0,25.814999999999998,55.522083333333335
2021-06-14,1404.0,26.51375,51.68333333333334
2021-06-15,1403.0,25.984583333333333,56.059583333333336
2021-06-16,1442.0,23.879166666666666,67.22083333333333
2021-06-17,1382.0,21.8225,82.36291666666666
2021-06-18,1512.0,23.166666666666668,73.84083333333334
2021-06-19,555.0,21.68541666666667,79.75041666666667
2021-06-20,560.0,22.625,69.18708333333333
2021-06-21,1625.0,22.255,65.46291666666666
2021-06-22,1451.0,21.085416666666667,68.37291666666667
2021-06-23,1179.0,20.128333333333334,70.59416666666667
2021-06-24,688.0,20.486250000000002,62.788333333333334
2021-06-25,1056.0,21.548333333333332,65.80083333333333
2021-06-26,567.0,22.166666666666668,67.0525
2021-06-27,575.0,22.403750000000002,65.84375
2021-06-28,1408.0,22.747500000000002,66.49916666666667
2021-06-29,1420.0,22.411666666666665,68.92333333333333
2021-06-30,1349.0,21.7925,74.30208333333333
2021-07-01,1359.0,23.265416666666667,70.66208333333334
2021-07-02,1338.0,24.29875,66.63833333333334
2021-07-03,614.0,24.52125,71.68375
2021-07-04,622.0,24.92125,72.41125
2021-07-05,37.0,24.237083333333334,73.91541666666667
2021-07-06,1548.0,25.229166666666668,69.65541666666667
2021-07-07,1644.0,23.64625,61.02041666666667
2021-07-08,1549.0,23.079583333333332,60.499583333333334
2021-07-09,1473.0,23.14375,63.219166666666666
2021-07-10,609.0,24.30666666666667,61.96416666666667
2021-07-11,601.0,23.793333333333333,69.86458333333333
2021-07-12,1510.0,23.806250000000002,68.35125000000001
2021-07-13,1430.0,21.464583333333334,55.45875
2021-07-14,1274.0,21.325416666666666,56.61625
2021-07-15,1240.0,22.175416666666667,62.46791666666667
2021-07-16,1198.0,23.465,66.31333333333333
2021-07-17,568.0,24.182916666666667,63.467083333333335
2021-07-18,567.0,24.725416666666664,60.14958333333333
2021-07-19,1393.0,26.30666666666667,60.01125
2021-07-20,1377.0,25.926666666666666,61.41833333333333
2021-07-21,1364.0,26.591250000000002,60.348333333333336
2021-07-22,1499.0,27.43958333333333,52.08833333333333
2021-07-23,1439.0,26.5175,54.97
2021-07-24,641.0,25.761666666666667,60.55083333333334
2021-07-25,630.0,24.413750000000004,66.20458333333333
2021-07-26,1359.0,23.477500000000003,64.26416666666667
2021-07-27,1449.0,24.112083333333334,63.23208333333333
2021-07-28,1375.0,24.138333333333332,70.55666666666667
2021-07-29,1229.0,24.752916666666668,65.05166666666666
2021-07-30,1217.0,25.618333333333336,69.29083333333334
2021-07-31,491.0,23.937083333333334,69.95416666666667
2021-08-01,491.0,21.611666666666665,65.38708333333334
2021-08-02,678.0,22.370833333333334,67.27708333333334
2021-08-03,688.0,23.777916666666666,65.96208333333333
2021-08-04,707.0,24.010833333333334,69.00125
2021-08-05,561.0,25.03333333333333,67.70875
2021-08-06,497.0,24.144583333333333,77.1975
2021-08-07,362.0,24.862916666666667,66.415
2021-08-08,366.0,22.77916666666667,66.3425
2021-08-09,359.0,23.975416666666664,60.699999999999996
2021-08-10,358.0,24.264166666666668,58.39541666666667
2021-08-11,361.0,26.308333333333334,56.696666666666665
2021-08-12,361.0,28.980833333333333,49.14625
2021-08-13,361.0,27.622500000000002,57.864583333333336
2021-08-14,365.0,28.65416666666667,56.836666666666666
2021-08-15,368.0,27.677083333333332,68.77875
2021-08-16,363.0,25.614583333333332,72.27125
2021-08-17,361.0,24.6925,61.63916666666666
2021-08-18,361.0,23.663749999999997,70.82625
2021-08-19,361.0,23.505416666666665,70.94625
2021-08-20,361.0,24.599166666666665,71.67333333333333
2021-08-21,364.0,25.375,69.80874999999999
2021-08-22,368.0,25.156666666666666,70.16416666666667
2021-08-23,371.0,24.02208333333333,69.57458333333334
2021-08-24,369.0,23.416666666666668,67.70958333333333
2021-08-25,366.0,21.899583333333336,72.74708333333334
2021-08-26,364.0,24.269166666666667,70.54291666666667
2021-08-27,368.0,25.630416666666665,67.27416666666666
2021-08-28,364.0,23.040000000000003,67.54875
2021-08-29,370.0,22.42625,61.76291666666666
2021-08-30,877.0,21.8625,79.5025
2021-08-31,917.0,22.686666666666667,74.0775
2021-09-01,1057.0,21.88291666666667,70.295
2021-09-02,1083.0,22.20125,73.9525
2021-09-03,1100.0,22.75208333333333,75.08541666666666
2021-09-04,599.0,22.94666666666667,76.65958333333333
2021-09-05,612.0,23.55666666666667,78.20875
2021-09-06,1386.0,24.098333333333333,79.8625
2021-09-07,1525.0,23.563333333333333,77.5625
2021-09-08,1481.0,24.09583333333333,76.33125
2021-09-09,1554.0,23.93375,70.39125
2021-09-10,1473.0,23.016666666666666,69.14041666666667
2021-09-11,599.0,22.772916666666664,71.62041666666667
2021-09-12,601.0,23.22875,78.31625
2021-09-13,1801.0,23.723333333333333,78.30833333333334
2021-09-14,2043.0,23.557083333333335,81.56208333333333
2021-09-15,2028.0,23.29041666666667,76.38875
2021-09-16,1852.0,22.820833333333336,73.09416666666667
2021-09-17,1718.0,22.331666666666667,67.92999999999999
2021-09-18,697.0,22.142083333333332,75.58208333333333
2021-09-19,673.0,20.562916666666666,61.99791666666667
2021-09-20,1699.0,19.622916666666665,70.34333333333333
2021-09-21,1593.0,18.64708333333333,65.82875
2021-09-22,1589.0,19.614166666666666,66.4675
2021-09-23,1509.0,20.059166666666666,68.60458333333334
2021-09-24,1421.0,20.4425,70.55875
2021-09-25,585.0,22.052916666666665,72.735
2021-09-26,540.0,22.795,66.24875
2021-09-27,1554.0,22.32625,68.83333333333333
2021-09-28,1632.0,21.130416666666665,77.54083333333334
2021-09-29,1542.0,19.77,75.97583333333334
2021-09-30,1456.0,20.1825,72.44166666666666
2021-10-01,1397.0,19.875416666666666,76.24
2021-10-02,547.0,20.654166666666665,79.67291666666667
2021-10-03,555.0,21.364166666666666,81.44291666666668
2021-10-04,1428.0,15.918333333333335,75.02125
2021-10-05,1434.0,17.354166666666668,68.25791666666667
2021-10-06,1416.0,17.656666666666666,71.23166666666667
2021-10-07,1364.0,18.182083333333335,70.06375
2021-10-08,1324.0,17.6225,69.80916666666667
2021-10-09,523.0,17.002916666666668,75.92916666666666
2021-10-10,522.0,16.77541666666667,76.82625
2021-10-11,1180.0,17.334166666666665,62.584583333333335
2021-10-12,596.0,17.954583333333336,53.95041666666666
2021-10-13,1408.0,16.9725,61.05375
2021-10-14,1238.0,16.8675,72.22500000000001
2021-10-15,1385.0,17.691666666666666,77.8975
2021-10-16,599.0,16.8875,80.47583333333334
2021-10-17,534.0,16.967916666666667,79.6525
2021-10-18,1413.0,17.89708333333333,80.57083333333334
2021-10-19,1470.0,18.82375,82.22916666666667
2021-10-20,1543.0,18.498333333333335,80.03541666666666
2021-10-21,1454.0,16.798750000000002,84.39083333333333
2021-10-22,1400.0,16.06375,76.40125
2021-10-23,690.0,14.940416666666666,66.33166666666666
2021-10-24,662.0,15.231250000000001,65.66583333333334
2021-10-25,1378.0,15.660416666666668,69.32208333333334
2021-10-26,1373.0,15.7475,67.71833333333333
2021-10-27,1266.0,14.661666666666667,77.15666666666667
2021-10-28,1274.0,13.830833333333333,82.0275
2021-10-29,1261.0,16.316666666666666,86.63458333333334
2021-10-30,525.0,17.746666666666666,87.71083333333333
2021-10-31,541.0,18.067916666666665,82.425
2021-11-01,587.0,16.492083333333333,72.88041666666668
2021-11-02,1292.0,12.230833333333335,69.49083333333333
2021-11-03,1327.0,11.017916666666666,75.14333333333333
2021-11-04,1443.0,10.504166666666666,69.00166666666667
2021-11-05,1479.0,10.980416666666668,61.14291666666667
2021-11-06,563.0,9.612083333333333,55.14833333333333
2021-11-07,512.0,10.915416666666667,52.59958333333333
2021-11-08,1537.0,12.339166666666666,60.01625000000001
2021-11-09,1575.0,11.29125,62.73166666666666
2021-11-10,1740.0,11.83875,81.6225
2021-11-11,1622.0,12.972500000000002,84.69208333333333
2021-11-12,1532.0,13.959583333333333,76.86874999999999
2021-11-13,637.0,13.323749999999999,73.48708333333333
2021-11-14,628.0,12.343333333333334,80.01291666666667
2021-11-15,1628.0,11.58375,74.13333333333334
2021-11-16,1702.0,10.675833333333335,73.35000000000001
2021-11-17,1698.0,11.5775,70.36916666666666
2021-11-18,1699.0,11.740833333333333,69.16125
2021-11-19,1557.0,11.125833333333333,72.49
2021-11-20,570.0,11.393749999999999,76.17041666666667
2021-11-21,562.0,12.432083333333333,72.97708333333334
2021-11-22,1669.0,10.082083333333333,88.59875
2021-11-23,1666.0,10.397083333333333,90.61291666666666
2021-11-24,1739.0,9.810416666666667,90.21333333333332
2021-11-25,1660.0,8.67625,83.79333333333334
2021-11-26,1624.0,8.719583333333334,71.98041666666667
2021-11-27,642.0,5.68375,78.73
2021-11-28,555.0,4.6187499999999995,69.48
2021-11-29,1725.0,5.949583333333333,67.5025
2021-11-30,1721.0,7.8875,71.36833333333333
2021-12-01,1691.0,6.915,85.62
2021-12-02,1671.0,6.6575,72.67125
2021-12-03,1589.0,6.426666666666667,65.45375
2021-12-04,534.0,7.988333333333333,84.12
2021-12-05,530.0,6.160833333333334,76.27041666666666
2021-12-06,727.0,6.730833333333333,74.86625
2021-12-07,953.0,9.0725,81.0175
2021-12-08,710.0,7.750416666666666,77.70375
2021-12-09,1740.0,6.0304166666666665,80.5525
2021-12-10,1621.0,9.729583333333332,76.39416666666666
2021-12-11,659.0,8.272499999999999,71.44166666666666
2021-12-12,621.0,9.729583333333332,77.33833333333332
2021-12-13,1746.0,9.522916666666667,80.59125
2021-12-14,1707.0,10.444583333333332,65.14458333333333
2021-12-15,1704.0,11.056666666666667,60.95875
2021-12-16,1623.0,9.6625,78.62833333333333
2021-12-17,1595.0,8.42,78.09125
2021-12-18,571.0,8.606666666666667,83.23291666666667
2021-12-19,562.0,7.87125,83.43916666666667
2021-12-20,1765.0,6.926666666666667,78.61458333333333
2021-12-21,1764.0,8.233333333333333,75.10041666666666
2021-12-22,1707.0,9.220833333333333,90.85791666666667
2021-12-23,1448.0,10.434583333333334,94.01708333333333
2021-12-24,824.0,11.024583333333332,94.48916666666666
2021-12-25,395.0,10.488333333333333,87.02708333333334
2021-12-26,390.0,10.553749999999999,79.52958333333333
2021-12-27,409.0,11.691249999999998,81.74458333333332
2021-12-28,410.0,12.081249999999999,79.26416666666667
2021-12-29,409.0,12.888333333333334,78.74833333333333
2021-12-30,409.0,13.725833333333334,74.80708333333334
2021-12-31,404.0,14.213333333333333,53.45083333333333
2022-01-01,392.0,12.948333333333332,55.312916666666666
2022-01-02,385.0,12.038333333333334,63.619166666666665
2022-01-03,861.0,11.066250000000002,78.47
2022-01-04,908.0,11.42875,81.89458333333333
2022-01-05,930.0,7.210833333333333,65.41
2022-01-06,569.0,4.7124999999999995,52.90625
2022-01-07,1405.0,6.446666666666666,52.5025
2022-01-08,930.0,6.56,76.16958333333334
2022-01-09,815.0,7.88375,78.415
2022-01-10,1666.0,8.645416666666668,91.47791666666666
2022-01-11,1656.0,8.605833333333333,82.56958333333334
2022-01-12,1592.0,7.837916666666666,72.97166666666666
2022-01-13,1660.0,6.0275,70.49166666666666
2022-01-14,1603.0,6.350833333333334,59.94625
2022-01-15,627.0,4.879583333333334,59.3125
2022-01-16,565.0,5.979166666666667,50.687083333333334
2022-01-17,938.0,7.454583333333333,50.1575
2022-01-18,1746.0,6.952500000000001,71.01333333333334
2022-01-19,1658.0,7.052083333333333,79.37375
2022-01-20,1671.0,7.308333333333334,78.21375
2022-01-21,1672.0,7.016249999999999,78.99583333333334
2022-01-22,801.0,6.105,67.65541666666667
2022-01-23,730.0,6.662083333333334,69.19333333333334
2022-01-24,1767.0,7.958749999999999,73.88375
2022-01-25,1690.0,7.861249999999999,70.49166666666666
2022-01-26,1621.0,8.578333333333333,60.427083333333336
2022-01-27,1698.0,9.175833333333333,55.846666666666664
2022-01-28,1521.0,9.035,49.46125
2022-01-29,577.0,9.875,53.159166666666664
2022-01-30,561.0,10.725416666666668,49.24583333333334
2022-01-31,1618.0,9.227083333333333,64.70625
2022-02-01,1744.0,8.537916666666666,63.07375
2022-02-02,1695.0,11.645000000000001,58.163333333333334
2022-02-03,1653.0,11.703333333333333,55.654583333333335
2022-02-04,1642.0,9.847083333333332,82.69208333333334
2022-02-05,844.0,10.184166666666668,91.1875
2022-02-06,615.0,9.524166666666668,68.15208333333334
2022-02-07,1574.0,9.935,68.1525
2022-02-08,1596.0,9.709999999999999,84.77125
2022-02-09,1510.0,10.0325,85.64666666666666
2022-02-10,1507.0,8.659166666666666,84.1275
2022-02-11,1387.0,10.239166666666668,75.00208333333333
2022-02-12,605.0,9.90875,92.74874999999999
2022-02-13,614.0,11.167083333333332,86.28875
2022-02-14,1503.0,10.335416666666667,72.81166666666667
2022-02-15,1471.0,8.840833333333334,64.24166666666666
2022-02-16,1690.0,10.401666666666666,72.07791666666667
2022-02-17,1599.0,12.618333333333332,69.855
2022-02-18,1501.0,13.127083333333333,75.48875
2022-02-19,710.0,10.474166666666667,88.88916666666667
2022-02-20,696.0,9.5925,64.7825
2022-02-21,1684.0,10.37,62.20541666666667
2022-02-22,1601.0,10.423333333333334,63.51416666666666
2022-02-23,1566.0,10.959166666666667,75.08333333333333
2022-02-24,1531.0,11.347499999999998,81.32708333333333
2022-02-25,1539.0,10.669583333333334,80.395
2022-02-26,639.0,8.939166666666667,67.20625
2022-02-27,623.0,8.9825,71.06166666666667
2022-02-28,1580.0,9.199583333333333,81.01708333333333
2022-03-01,1637.0,10.128333333333334,78.04291666666667
2022-03-02,1669.0,10.295416666666666,89.31541666666668
2022-03-03,1556.0,10.595,76.54541666666667
2022-03-04,1489.0,11.432083333333333,71.34208333333333
2022-03-05,590.0,9.625416666666666,74.81375
2022-03-06,555.0,8.82875,79.57833333333333
2022-03-07,1692.0,8.385416666666666,78.56
2022-03-08,1778.0,8.842916666666666,83.9025
2022-03-09,1611.0,9.794166666666667,83.66291666666667
2022-03-10,1629.0,10.4075,87.14541666666666
2022-03-11,1545.0,10.52125,86.93624999999999
2022-03-12,535.0,9.501666666666667,89.18625000000002
2022-03-13,509.0,10.644583333333333,82.74374999999999
2022-03-14,1698.0,10.58375,86.46875
2022-03-15,1676.0,12.683750000000002,86.40833333333335
2022-03-16,1648.0,11.936666666666667,82.47791666666667
2022-03-17,1584.0,12.3125,73.18958333333333
2022-03-18,1511.0,12.20375,72.76375
2022-03-19,598.0,10.747916666666667,80.62625
2022-03-20,567.0,10.8725,84.90291666666667
2022-03-21,1769.0,10.862083333333333,80.56416666666667
2022-03-22,1729.0,9.890416666666667,72.05666666666666
2022-03-23,1634.0,9.813333333333334,76.31958333333334
2022-03-24,1633.0,9.675416666666667,80.41166666666668
2022-03-25,1517.0,10.63125,69.9275
2022-03-26,618.0,10.1675,73.15416666666667
2022-03-27,568.0,11.968333333333334,66.95083333333334
2022-03-28,1578.0,12.3925,60.87375
2022-03-29,1660.0,11.782083333333333,67.68041666666666
2022-03-30,1647.0,11.42875,80.84416666666667
2022-03-31,1489.0,12.308333333333332,71.98708333333333
2022-04-01,1503.0,7.429166666666667,49.51666666666667
2022-04-02,785.0,6.620833333333334,50.530833333333334
2022-04-03,791.0,6.01125,59.13375
2022-04-04,1637.0,7.662916666666667,57.24208333333333
2022-04-05,1605.0,8.765416666666667,54.27
2022-04-06,1452.0,10.656666666666666,70.93958333333333
2022-04-07,1224.0,13.840416666666668,62.025416666666665
2022-04-08,1327.0,15.435,56.08958333333334
2022-04-09,585.0,13.647916666666667,65.24791666666667
2022-04-10,563.0,12.297916666666666,77.85833333333333
2022-04-11,979.0,12.448749999999999,76.64625
2022-04-12,986.0,12.800833333333335,84.37666666666667
2022-04-13,892.0,12.695,82.66041666666666
2022-04-14,759.0,15.222083333333332,59.37875
2022-04-15,538.0,17.52125,60.70083333333333
2022-04-16,527.0,18.6275,59.58541666666667
2022-04-17,525.0,16.349166666666665,65.68791666666667
2022-04-18,527.0,15.052083333333334,74.10333333333334
2022-04-19,1288.0,14.145416666666668,78.55624999999999
2022-04-20,1315.0,13.404166666666667,80.74916666666667
2022-04-21,1455.0,13.386249999999999,73.32166666666667
2022-04-22,1327.0,13.6775,70.43541666666667
2022-04-23,540.0,12.773333333333333,72.13958333333333
2022-04-24,524.0,14.862083333333333,64.84583333333333
2022-04-25,1358.0,14.731666666666667,75.06125
2022-04-26,1406.0,15.640833333333333,63.092083333333335
2022-04-27,1347.0,16.377916666666668,57.362500000000004
2022-04-28,1190.0,16.866666666666667,63.9475
2022-04-29,1191.0,17.706666666666667,64.22583333333334
2022-04-30,660.0,16.145416666666666,76.86
2022-05-01,561.0,16.87625,71.31083333333333
2022-05-02,1403.0,15.051666666666668,79.08375
2022-05-03,1403.0,13.695416666666667,77.01333333333334
2022-05-04,1325.0,15.235833333333334,70.80166666666666
2022-05-05,1276.0,16.828333333333333,61.6475
2022-05-06,1250.0,17.357916666666664,54.13583333333333
2022-05-07,525.0,18.12875,57.13375
2022-05-08,521.0,18.270416666666666,55.57916666666667
2022-05-09,1276.0,18.77875,56.54916666666667
2022-05-10,1186.0,19.269166666666667,56.638749999999995
2022-05-11,977.0,18.7225,61.781666666666666
2022-05-12,950.0,18.91625,54.52916666666667
2022-05-13,911.0,19.881666666666664,55.475833333333334
2022-05-14,326.0,20.90458333333333,54.73500000000001
2022-05-15,327.0,21.09958333333333,51.115833333333335
2022-05-16,958.0,22.125416666666666,56.046666666666674
2022-05-17,1022.0,23.148333333333337,56.329583333333325
2022-05-18,1136.0,23.5925,63.303333333333335
2022-05-19,1071.0,21.977500000000003,69.97083333333333
2022-05-20,1092.0,23.367500000000003,54.027499999999996
2022-05-21,311.0,24.242500000000003,48.846666666666664
2022-05-22,313.0,24.849999999999998,47.663333333333334
2022-05-23,1118.0,22.572083333333335,62.2475
2022-05-24,1377.0,17.9475,80.52
2022-05-25,1225.0,17.58625,64.35916666666667
2022-05-26,1052.0,19.672916666666666,53.657916666666665
2022-05-27,1132.0,22.2525,53.084583333333335
2022-05-28,585.0,24.205416666666665,53.63833333333333
2022-05-29,572.0,20.22458333333333,62.807500000000005
2022-05-30,1077.0,20.725833333333334,56.247083333333336
2022-05-31,1089.0,21.892916666666665,57.12583333333333
2022-06-01,1174.0,22.672083333333333,61.44208333333333
2022-06-02,1206.0,22.54625,57.09375
2022-06-03,1059.0,23.314166666666665,62.127916666666664
2022-06-04,773.0,22.79416666666667,67.77708333333334
2022-06-05,747.0,23.37,64.57708333333333
2022-06-06,912.0,23.191666666666666,65.39375
2022-06-07,1165.0,22.666666666666668,70.23625
2022-06-08,1271.0,22.962083333333336,69.98083333333334
2022-06-09,1101.0,22.836250000000003,63.03333333333333
2022-06-10,1123.0,23.260416666666668,63.564166666666665
2022-06-11,367.0,25.618333333333336,54.91375
2022-06-12,358.0,26.815416666666664,47.93208333333333
2022-06-13,1245.0,26.40833333333333,48.07333333333333
2022-06-14,1353.0,25.53625,49.54291666666666
2022-06-15,1338.0,27.86916666666667,49.45541666666667
2022-06-16,1396.0,28.765833333333333,42.45291666666667
2022-06-17,1329.0,28.901666666666667,47.11291666666667
2022-06-18,630.0,27.303749999999997,53.715
2022-06-19,580.0,24.465833333333332,68.51041666666667
2022-06-20,1388.0,24.225416666666664,77.28666666666668
2022-06-21,1601.0,24.300833333333333,71.07958333333333
2022-06-22,1136.0,24.52416666666667,69.53125
2022-06-23,1030.0,24.290000000000003,65.52583333333334
2022-06-24,460.0,24.498333333333335,54.68625
2022-06-25,348.0,23.525833333333335,66.38958333333333
2022-06-26,362.0,23.827916666666667,70.51541666666667
2022-06-27,1223.0,23.434583333333332,64.865
2022-06-28,1085.0,24.308333333333334,56.345
2022-06-29,1111.0,23.79375,66.11375
2022-06-30,1198.0,23.932083333333335,65.41708333333334
2022-07-01,1096.0,23.285416666666666,63.205000000000005
2022-07-02,570.0,24.48625,58.00958333333333
2022-07-03,554.0,25.752499999999998,52.10458333333333
2022-07-04,1209.0,27.247083333333332,49.72333333333333
2022-07-05,1336.0,26.92458333333333,57.05625
2022-07-06,1275.0,24.713333333333335,68.99958333333333
2022-07-07,975.0,25.533749999999998,50.91625
2022-07-08,1130.0,25.478333333333335,50.57041666666667
2022-07-09,632.0,26.640833333333333,48.81375
2022-07-10,603.0,26.840833333333332,49.6625
2022-07-11,1210.0,27.12375,49.82375
2022-07-12,1248.0,27.68541666666667,51.57333333333333
2022-07-13,1284.0,27.749583333333334,53.2125
2022-07-14,1145.0,27.124166666666667,52.548750000000005
2022-07-15,1211.0,29.749166666666667,42.49458333333333
2022-07-16,563.0,29.079166666666666,44.93208333333333
2022-07-17,554.0,28.33,47.25833333333333
2022-07-18,1271.0,28.297083333333333,49.67458333333334
2022-07-19,1239.0,28.090833333333332,55.30458333333333
2022-07-20,1147.0,28.06375,57.897083333333335
2022-07-21,1166.0,27.859583333333333,58.29916666666667
2022-07-22,1266.0,28.30458333333333,54.94958333333333
2022-07-23,744.0,27.604166666666668,63.65833333333333
2022-07-24,797.0,28.41875,61.48916666666667
2022-07-25,1094.0,27.88083333333333,63.76499999999999
2022-07-26,1016.0,27.354166666666668,62.97125
2022-07-27,970.0,26.577916666666667,66.23541666666667
2022-07-28,1003.0,26.337083333333336,73.20916666666666
2022-07-29,878.0,26.26375,72.10833333333333
2022-07-30,385.0,26.619583333333335,65.52083333333333
2022-07-31,383.0,27.743333333333336,59.95416666666667
2022-08-01,387.0,28.84375,50.61083333333334
2022-08-02,387.0,29.406666666666666,49.88083333333333
2022-08-03,390.0,28.934166666666666,53.54291666666666
2022-08-04,387.0,28.631249999999998,54.19875
2022-08-05,383.0,27.765,59.92124999999999
2022-08-06,376.0,28.653333333333332,51.876666666666665
2022-08-07,376.0,28.5575,53.13958333333333
2022-08-08,378.0,27.4675,57.26499999999999
2022-08-09,373.0,28.463333333333335,50.45249999999999
2022-08-10,379.0,28.935833333333335,50.1225
2022-08-11,377.0,28.535,50.83541666666667
2022-08-12,379.0,29.392916666666668,56.572916666666664
2022-08-13,380.0,30.354166666666668,52.62416666666667
2022-08-14,381.0,29.144583333333333,44.42125000000001
2022-08-15,376.0,26.358333333333334,61.12291666666667
2022-08-16,375.0,25.907916666666665,71.23958333333333
2022-08-17,373.0,25.915833333333335,69.10625
2022-08-18,365.0,21.969583333333333,70.20958333333333
2022-08-19,362.0,23.83583333333333,53.96791666666667
2022-08-20,365.0,25.65375,56.24416666666667
2022-08-21,367.0,25.93375,70.15125
2022-08-22,578.0,25.65041666666667,68.92583333333333
2022-08-23,399.0,26.445416666666663,66.06041666666667
2022-08-24,451.0,26.88416666666667,66.14083333333333
2022-08-25,474.0,26.614166666666666,67.36666666666666
2022-08-26,633.0,26.463333333333335,62.75625
2022-08-27,528.0,25.352500000000003,66.30041666666666
2022-08-28,514.0,26.336250000000003,64.85000000000001
2022-08-29,1076.0,26.130416666666665,62.979166666666664
2022-08-30,904.0,27.006249999999998,64.27583333333334
2022-08-31,967.0,25.947916666666668,71.83624999999999
2022-09-01,989.0,25.670833333333334,67.57583333333334
2022-09-02,1360.0,25.737916666666667,71.2
2022-09-03,480.0,24.582916666666666,70.97458333333334
2022-09-04,399.0,24.8425,72.43875
2022-09-05,1679.0,25.618333333333336,73.37291666666667
2022-09-06,1660.0,26.898750000000003,61.10375
2022-09-07,1644.0,26.055000000000003,53.63791666666666
2022-09-08,1687.0,24.52208333333333,53.13791666666666
2022-09-09,1532.0,24.83583333333333,62.705000000000005
2022-09-10,559.0,24.537916666666664,65.96249999999999
2022-09-11,561.0,25.411666666666665,74.8425
2022-09-12,1753.0,25.8025,72.57916666666667
2022-09-13,1888.0,25.135,73.46708333333333
2022-09-14,1722.0,23.812916666666666,76.71958333333333
2022-09-15,1527.0,24.79041666666667,56.73833333333334
2022-09-16,1391.0,23.6525,67.96041666666666
2022-09-17,390.0,21.34875,61.39416666666667
2022-09-18,349.0,21.39375,60.598749999999995
2022-09-19,1302.0,22.01625,70.70625
2022-09-20,1458.0,22.41208333333333,67.72791666666667
2022-09-21,1375.0,21.903333333333332,71.51458333333333
2022-09-22,1316.0,20.6875,64.73458333333333
2022-09-23,1389.0,20.9225,76.04208333333334
2022-09-24,546.0,19.782083333333333,81.93958333333333
2022-09-25,539.0,18.2225,70.47791666666667
2022-09-26,1202.0,18.710416666666667,58.20916666666667
2022-09-27,1262.0,18.592499999999998,60.992916666666666
2022-09-28,1297.0,18.69333333333333,61.84583333333333
2022-09-29,1284.0,16.848333333333333,66.95666666666666
2022-09-30,1115.0,16.698333333333334,57.58166666666667
2022-10-01,515.0,17.97875,55.21541666666667
2022-10-02,509.0,21.026666666666667,62.94416666666667
2022-10-03,1190.0,20.466666666666665,76.205
2022-10-04,1197.0,20.493333333333332,74.53750000000001
2022-10-05,1215.0,19.94125,74.40375
2022-10-06,1259.0,19.47875,79.05125
2022-10-07,1321.0,18.215833333333332,87.76291666666667
2022-10-08,520.0,18.058333333333334,86.88291666666667
2022-10-09,521.0,18.367916666666666,80.29125
2022-10-10,1294.0,19.307083333333335,77.40666666666667
2022-10-11,1381.0,18.445,81.88041666666668
2022-10-12,486.0,19.03875,74.24416666666666
2022-10-13,1218.0,19.622083333333332,72.05666666666666
2022-10-14,1117.0,20.53125,75.03041666666667
2022-10-15,544.0,20.322916666666668,80.94666666666667
2022-10-16,513.0,20.515833333333333,82.98541666666667
2022-10-17,1371.0,20.307083333333335,88.16708333333334
2022-10-18,1311.0,20.625,83.6875
2022-10-19,1404.0,20.1775,84.81083333333333
2022-10-20,1343.0,19.27,83.77208333333333
2022-10-21,1188.0,19.730416666666667,74.97541666666667
2022-10-22,716.0,19.616666666666667,68.26541666666667
2022-10-23,698.0,20.035416666666666,82.97291666666666
2022-10-24,1267.0,19.319166666666668,62.51458333333333
2022-10-25,1241.0,19.730833333333333,63.58083333333334
2022-10-26,1286.0,21.044999999999998,67.04541666666667
2022-10-27,1295.0,20.51625,68.13041666666668
2022-10-28,1179.0,19.974166666666665,59.022083333333335
2022-10-29,540.0,18.1175,65.81875000000001
2022-10-30,543.0,17.940416666666668,70.90208333333334
2022-10-31,890.0,18.937916666666666,85.42916666666667
2022-11-01,654.0,18.299583333333334,78.08041666666666
2022-11-02,1269.0,17.025000000000002,81.845
2022-11-03,1353.0,16.90625,79.58958333333334
2022-11-04,1079.0,13.215833333333334,61.69416666666667
2022-11-05,383.0,13.404583333333333,52.415
2022-11-06,405.0,14.837916666666667,54.43833333333333
2022-11-07,1160.0,15.285833333333334,73.94083333333333
2022-11-08,1201.0,16.455000000000002,79.7675
2022-11-09,1256.0,16.24,71.91458333333334
2022-11-10,1166.0,14.819583333333334,79.87333333333333
2022-11-11,1051.0,15.537916666666668,80.29166666666667
2022-11-12,571.0,15.835833333333333,84.55708333333334
2022-11-13,526.0,15.659583333333332,74.39791666666666
2022-11-14,1239.0,15.955416666666666,78.99333333333333
2022-11-15,1282.0,15.577083333333333,76.96666666666667
2022-11-16,1166.0,15.106666666666667,71.57000000000001
2022-11-17,1284.0,16.09125,74.90416666666667
2022-11-18,1201.0,12.352916666666665,72.66375000000001
2022-11-19,380.0,10.432083333333333,68.36333333333333
2022-11-20,378.0,9.713333333333333,63.620000000000005
2022-11-21,1386.0,10.577083333333333,78.19
2022-11-22,1380.0,9.60375,69.66125000000001
2022-11-23,1282.0,12.9325,73.56375
2022-11-24,1247.0,12.871250000000002,76.23583333333333
2022-11-25,1254.0,12.295,75.42916666666666
2022-11-26,410.0,10.9525,55.56791666666667
2022-11-27,404.0,11.62625,77.115
2022-11-28,1423.0,10.535833333333334,81.8025
2022-11-29,1369.0,9.772499999999999,67.61666666666666
2022-11-30,1385.0,9.432916666666666,74.95291666666667
2022-12-01,1319.0,9.97,73.56791666666668
2022-12-02,1217.0,8.058333333333334,73.96458333333334
2022-12-03,341.0,7.68,72.27541666666666
2022-12-04,405.0,8.031666666666666,75.62125
2022-12-05,779.0,9.270416666666668,68.86666666666666
2022-12-06,480.0,10.6275,82.84208333333333
2022-12-07,895.0,10.418333333333333,90.07125
2022-12-08,512.0,10.813333333333333,95.245
2022-12-09,676.0,11.606250000000001,84.3975
2022-12-10,384.0,9.999583333333334,68.69625
2022-12-11,425.0,6.72,70.70791666666666
2022-12-12,1567.0,7.510000000000001,88.52833333333332
2022-12-13,1617.0,11.842916666666667,93.68666666666667
2022-12-14,1361.0,12.253333333333332,87.55333333333334
2022-12-15,1318.0,11.960833333333333,86.9825
2022-12-16,1326.0,9.9275,83.60666666666667
2022-12-17,499.0,9.956666666666667,92.64583333333333
2022-12-18,430.0,10.11125,88.73333333333333
2022-12-19,1303.0,11.745,91.40958333333333
2022-12-20,1291.0,11.990416666666667,91.5075
2022-12-21,1272.0,10.88375,84.26041666666667
2022-12-22,1042.0,12.249583333333334,79.12416666666667
2022-12-23,564.0,13.220416666666667,79.98791666666666
2022-12-24,311.0,12.438333333333333,69.71124999999999
2022-12-25,307.0,12.695,62.01666666666667
2022-12-26,366.0,12.997916666666667,61.15541666666667
2022-12-27,349.0,11.719166666666666,81.01041666666667
2022-12-28,350.0,10.744166666666667,79.41416666666667
2022-12-29,395.0,10.0725,76.00125
2022-12-30,422.0,11.3175,88.9975
2022-12-31,313.0,13.058750000000002,69.26541666666667
2023-01-01,364.0,11.382083333333334,80.21708333333333
2023-01-02,476.0,10.82875,82.2525
2023-01-03,466.0,10.829166666666666,81.20083333333334
2023-01-04,568.0,9.86875,76.02
2023-01-05,404.0,10.01625,61.9975
2023-01-06,341.0,8.658333333333333,74.42875
2023-01-07,480.0,7.855833333333333,72.05208333333333
2023-01-08,604.0,10.625833333333334,92.12583333333333
2023-01-09,1210.0,9.6525,71.96833333333333
2023-01-10,1276.0,8.275416666666667,69.30499999999999
2023-01-11,1415.0,9.505833333333333,77.52791666666667
2023-01-12,1195.0,8.734166666666667,61.90958333333333
2023-01-13,1289.0,9.17,65.01625
2023-01-14,587.0,9.60875,76.42416666666666
2023-01-15,603.0,9.25375,80.38291666666667
2023-01-16,1428.0,8.0075,79.6575
2023-01-17,713.0,9.4475,74.14708333333333
2023-01-18,1400.0,5.246666666666667,61.19208333333333
2023-01-19,1261.0,5.55125,70.07333333333334
2023-01-20,1013.0,5.11125,57.51416666666666
2023-01-21,553.0,2.6379166666666665,53.20375000000001
2023-01-22,395.0,3.0341666666666662,48.51500000000001
2023-01-23,1340.0,3.8954166666666663,52.16166666666667
2023-01-24,1477.0,4.7425,73.99291666666666
2023-01-25,1252.0,6.619583333333334,57.69
2023-01-26,1245.0,5.73875,69.5775
2023-01-27,1116.0,5.248333333333334,65.10875
2023-01-28,446.0,5.21625,66.25583333333334
2023-01-29,379.0,4.835416666666666,63.714166666666664
2023-01-30,1201.0,5.0625,58.86166666666667
2023-01-31,1256.0,6.767916666666667,60.712916666666665
2023-02-01,1280.0,8.5075,59.85375
2023-02-02,1231.0,9.27875,48.35
2023-02-03,1177.0,10.685,46.7775
2023-02-04,391.0,11.749166666666667,38.787083333333335
2023-02-05,341.0,9.187916666666666,59.335
2023-02-06,1397.0,6.400833333333334,78.04291666666667
2023-02-07,1462.0,5.701249999999999,87.48375
2023-02-08,1367.0,7.038333333333333,85.94791666666667
2023-02-09,1235.0,5.1875,76.10916666666667
2023-02-10,1095.0,6.465,69.37875
2023-02-11,443.0,6.846666666666667,67.98958333333333
2023-02-12,346.0,6.964583333333334,70.88125000000001
2023-02-13,1265.0,7.8525,66.53583333333333
2023-02-14,1265.0,7.946666666666666,75.21791666666667
2023-02-15,1250.0,8.4425,80.655
2023-02-16,1472.0,9.123333333333333,79.53625
2023-02-17,1202.0,10.251666666666667,59.805416666666666
2023-02-18,400.0,11.387916666666667,56.42208333333334
2023-02-19,345.0,12.82125,54.14666666666667
2023-02-20,1243.0,13.0225,63.70250000000001
2023-02-21,1367.0,12.338333333333333,57.73333333333333
2023-02-22,1295.0,11.32875,73.70291666666667
2023-02-23,1472.0,10.355416666666667,91.38458333333334
2023-02-24,1174.0,8.480416666666667,64.86833333333333
2023-02-25,464.0,7.842916666666667,64.70458333333333
2023-02-26,394.0,7.641249999999999,61.69875
2023-02-27,1541.0,2.3854166666666665,59.638749999999995
2023-02-28,1654.0,7.577500000000001,58.52916666666667
2023-03-01,1356.0,6.000416666666666,60.581250000000004
2023-03-02,1468.0,6.0370833333333325,65.69375000000001
2023-03-03,1239.0,8.51375,60.502916666666664
2023-03-04,413.0,8.687083333333334,66.17833333333333
2023-03-05,364.0,9.1,67.83125
2023-03-06,1473.0,9.372916666666667,71.69958333333334
2023-03-07,1352.0,10.504583333333334,73.12166666666667
2023-03-08,1218.0,13.21125,71.25291666666666
2023-03-09,1323.0,14.035416666666668,74.1225
2023-03-10,972.0,14.485416666666666,64.67625
2023-03-11,360.0,16.59625,64.23041666666667
2023-03-12,324.0,15.405,72.46791666666667
2023-03-13,1097.0,15.744583333333333,73.37708333333333
2023-03-14,937.0,13.581249999999999,52.55125
2023-03-15,965.0,12.4325,64.30041666666666
2023-03-16,974.0,12.648333333333333,76.64291666666666
2023-03-17,888.0,12.007916666666667,81.90125
2023-03-18,313.0,12.763333333333334,77.42
2023-03-19,318.0,11.928333333333333,82.15041666666666
2023-03-20,1001.0,12.5,73.07833333333333
2023-03-21,1022.0,12.620833333333332,81.35583333333334
2023-03-22,955.0,14.267083333333334,73.15916666666666
2023-03-23,1103.0,14.114166666666668,79.155
2023-03-24,958.0,15.15875,70.68416666666667
2023-03-25,301.0,13.820416666666667,80.07000000000001
2023-03-26,290.0,15.48625,57.67083333333333
2023-03-27,903.0,13.711666666666666,59.22541666666667
2023-03-28,1055.0,12.777500000000002,80.81375
2023-03-29,956.0,14.13875,75.35041666666667
2023-03-30,1075.0,15.45125,71.29375
2023-03-31,918.0,16.40125,57.5825
2023-04-01,370.0,14.055833333333334,53.20666666666667
2023-04-02,308.0,13.260416666666666,49.17541666666667
2023-04-03,533.0,12.805,59.31375
2023-04-04,545.0,11.95875,61.6475
2023-04-05,515.0,12.084166666666667,58.13166666666667
2023-04-06,422.0,12.957083333333335,66.115
2023-04-07,287.0,13.812916666666666,65.04375
2023-04-08,342.0,12.681666666666667,64.9525
2023-04-09,360.0,13.928333333333333,58.802083333333336
2023-04-10,396.0,16.006249999999998,60.6275
2023-04-11,846.0,16.066666666666666,65.35791666666667
2023-04-12,797.0,16.86583333333333,58.59375
2023-04-13,802.0,12.348333333333334,49.38833333333333
2023-04-14,865.0,13.963333333333333,58.52125
2023-04-15,294.0,14.427916666666667,51.70208333333333
2023-04-16,285.0,14.493333333333332,47.60583333333333
2023-04-17,938.0,13.785416666666668,58.930416666666666
2023-04-18,1008.0,13.409166666666666,68.84791666666666
2023-04-19,872.0,14.570833333333333,63.65
2023-04-20,889.0,15.880833333333333,62.55666666666667
2023-04-21,907.0,15.317083333333334,76.72875
2023-04-22,411.0,15.680833333333332,76.76208333333334
2023-04-23,332.0,17.525833333333335,64.05875
2023-04-24,899.0,17.34,71.19375000000001
2023-04-25,947.0,18.32125,71.31208333333333
2023-04-26,926.0,18.031666666666666,71.40666666666667
2023-04-27,847.0,18.716666666666665,66.43208333333332
2023-04-28,830.0,18.717916666666667,60.39291666666667
2023-04-29,315.0,21.359166666666667,57.64333333333334
2023-04-30,299.0,19.46125,68.30583333333334
2023-05-01,297.0,18.4575,61.46666666666667
2023-05-02,838.0,17.700416666666666,59.45083333333333
2023-05-03,872.0,18.274583333333332,60.33541666666667
2023-05-04,900.0,18.507916666666667,66.745
2023-05-05,812.0,19.200416666666666,63.15875
2023-05-06,304.0,19.83875,52.4025
2023-05-07,321.0,19.316666666666666,64.0575
2023-05-08,917.0,20.39708333333333,59.2175
2023-05-09,1041.0,20.637916666666666,60.942499999999995
2023-05-10,884.0,17.83125,61.89833333333333
2023-05-11,865.0,16.135416666666668,67.35875
2023-05-12,867.0,14.195416666666667,74.03166666666667
2023-05-13,344.0,13.969583333333333,72.07333333333334
2023-05-14,313.0,16.3075,66.98541666666667
2023-05-15,924.0,18.336666666666666,55.937916666666666
2023-05-16,950.0,17.89125,47.68333333333334
2023-05-17,827.0,16.25375,44.74208333333333
2023-05-18,955.0,16.31416666666667,55.33916666666667
2023-05-19,1007.0,15.915416666666667,63.68416666666667
2023-05-20,333.0,16.747083333333332,60.84
2023-05-21,320.0,17.722916666666666,61.23500000000001
2023-05-22,1110.0,18.164583333333333,65.25
2023-05-23,960.0,19.41208333333333,62.151250000000005
2023-05-24,927.0,19.2575,67.01541666666667
2023-05-25,1254.0,15.944583333333334,84.815
2023-05-26,877.0,18.636666666666667,66.53833333333334
2023-05-27,336.0,21.67958333333333,51.569583333333334
2023-05-28,314.0,20.759583333333335,53.755
2023-05-29,910.0,19.525833333333335,64.41666666666667
2023-05-30,1036.0,20.423750000000002,61.98
2023-05-31,933.0,19.517916666666668,62.20791666666667
2023-06-01,1046.0,18.462500000000002,76.26875
2023-06-02,895.0,19.425416666666667,71.75125
2023-06-03,505.0,18.98125,77.06541666666666
2023-06-04,415.0,19.556250000000002,71.89375
2023-06-05,1093.0,20.675,68.46291666666666
2023-06-06,1036.0,21.103333333333335,66.50958333333334
2023-06-07,1277.0,19.98375,71.6475
2023-06-08,1255.0,21.332916666666666,64.93291666666666
2023-06-09,1237.0,22.599166666666665,70.17041666666667
2023-06-10,387.0,22.76625,68.13083333333334
2023-06-11,352.0,23.16208333333333,67.81750000000001
2023-06-12,1193.0,23.84375,62.935833333333335
2023-06-13,1275.0,22.319166666666664,72.55041666666666
2023-06-14,1216.0,23.051666666666666,63.63375
2023-06-15,1204.0,23.57625,57.94083333333333
2023-06-16,1208.0,24.419583333333335,58.231249999999996
2023-06-17,497.0,24.794583333333335,60.385
2023-06-18,621.0,24.06,53.718333333333334
2023-06-19,1371.0,23.49083333333333,56.63666666666666
2023-06-20,1311.0,25.482916666666668,61.60583333333333
2023-06-21,1396.0,25.125,63.99875
2023-06-22,1198.0,25.75208333333333,59.71041666666667
2023-06-23,1006.0,25.282083333333333,64.76291666666667
2023-06-24,354.0,25.417916666666667,62.842083333333335
2023-06-25,350.0,27.011666666666667,53.39958333333333
2023-06-26,1307.0,27.69333333333333,48.65416666666667
2023-06-27,1334.0,25.79875,67.12166666666667
2023-06-28,1463.0,24.728333333333335,72.51333333333334
2023-06-29,1374.0,25.40875,69.26708333333333
2023-06-30,1253.0,23.52333333333333,68.89458333333333
2023-07-01,372.0,24.3075,58.85916666666666
2023-07-02,339.0,24.90833333333333,62.038333333333334
2023-07-03,1315.0,25.086250000000003,67.13000000000001
2023-07-04,1377.0,24.87708333333333,70.98
2023-07-05,1247.0,24.083333333333332,70.31125
2023-07-06,1259.0,23.700833333333332,73.26208333333334
2023-07-07,1222.0,24.93625,59.793749999999996
2023-07-08,389.0,27.440833333333334,53.16291666666667
2023-07-09,390.0,27.829583333333332,56.548750000000005
2023-07-10,1311.0,28.360833333333332,58.57083333333333
2023-07-11,1399.0,28.34,60.99125
2023-07-12,1483.0,27.413749999999997,66.74333333333333
2023-07-13,1303.0,26.4575,66.81541666666666
2023-07-14,1110.0,26.464583333333334,66.23125
2023-07-15,421.0,26.5975,70.03
2023-07-16,405.0,26.379583333333333,62.41916666666666
2023-07-17,1224.0,27.37875,61.5975
2023-07-18,1354.0,30.050416666666667,51.23833333333334
2023-07-19,1336.0,29.019166666666667,57.78791666666667
2023-07-20,1292.0,27.476249999999997,60.89625
2023-07-21,1255.0,26.192916666666665,64.60041666666667
2023-07-22,405.0,25.598333333333333,64.27208333333333
2023-07-23,402.0,27.042916666666667,63.55041666666667
2023-07-24,1260.0,28.35666666666667,56.50875
2023-07-25,1014.0,26.39625,48.257083333333334
2023-07-26,1001.0,23.950833333333335,55.77041666666667
2023-07-27,1205.0,25.463333333333335,65.68541666666667
2023-07-28,1004.0,26.158749999999998,69.44375000000001
2023-07-29,481.0,27.33458333333333,66.82333333333334
2023-07-30,376.0,26.629166666666666,69.08666666666666
2023-07-31,820.0,26.922916666666666,65.18291666666667
2023-08-01,644.0,28.462083333333336,61.18083333333333
2023-08-02,597.0,27.763333333333332,67.95
2023-08-03,577.0,25.042916666666667,64.145
2023-08-04,347.0,23.772499999999997,50.830000000000005
2023-08-05,219.0,24.381666666666664,43.21416666666667
2023-08-06,241.0,23.490416666666665,57.70583333333334
2023-08-07,236.0,23.465416666666666,60.27
2023-08-08,250.0,24.989583333333332,69.61416666666666
2023-08-09,247.0,26.014583333333334,67.97541666666667
2023-08-10,245.0,27.539583333333336,61.56625
2023-08-11,226.0,28.362916666666667,52.5825
2023-08-12,227.0,27.703333333333333,55.39208333333334
2023-08-13,229.0,26.87375,62.94708333333333
2023-08-14,234.0,26.59875,69.12916666666666
2023-08-15,243.0,26.838333333333335,63.58083333333334
2023-08-16,255.0,25.720416666666665,62.60874999999999
2023-08-17,232.0,26.094166666666666,62.51083333333333
2023-08-18,238.0,26.63,70.22166666666666
2023-08-19,245.0,27.264166666666668,70.70666666666666
2023-08-20,235.0,30.0275,55.44708333333333
2023-08-21,241.0,31.18625,47.469166666666666
2023-08-22,241.0,31.044166666666666,46.449999999999996
2023-08-23,245.0,32.08875,45.479166666666664
2023-08-24,245.0,30.69458333333333,54.89208333333334
2023-08-25,251.0,28.67833333333333,61.634166666666665
2023-08-26,314.0,26.422083333333333,70.80666666666667
2023-08-27,369.0,19.967083333333335,71.24333333333333
2023-08-28,410.0,22.512916666666666,50.086666666666666
2023-08-29,431.0,22.22375,52.23833333333334
2023-08-30,491.0,21.441666666666666,71.91375000000001
2023-08-31,560.0,22.962083333333336,62.548750000000005
2023-09-01,694.0,23.384583333333335,70.97541666666666
2023-09-02,454.0,22.076666666666668,74.08875
2023-09-03,416.0,23.095416666666665,62.080000000000005
2023-09-04,1086.0,25.1525,51.357499999999995
2023-09-05,1031.0,24.547916666666666,59.38041666666667
2023-09-06,1283.0,24.019166666666667,63.2475
2023-09-07,1324.0,23.573333333333334,63.6175
2023-09-08,1143.0,23.58791666666667,56.95708333333334
2023-09-09,355.0,23.164583333333336,60.407916666666665
2023-09-10,366.0,23.903750000000002,62.24166666666667
2023-09-11,466.0,23.93041666666667,66.87541666666667
2023-09-12,1488.0,23.543333333333333,67.325
2023-09-13,1385.0,23.295,68.18458333333334
2023-09-14,1389.0,23.41208333333333,63.83791666666667
2023-09-15,1466.0,21.381666666666664,82.97333333333333
2023-09-16,487.0,23.310000000000002,76.40958333333333
2023-09-17,510.0,24.25208333333333,68.45958333333333
2023-09-18,1525.0,23.510416666666668,57.024166666666666
2023-09-19,1399.0,21.760416666666668,69.84458333333333
2023-09-20,1404.0,21.065,79.52291666666666
2023-09-21,1364.0,21.29041666666667,66.42291666666667
2023-09-22,1055.0,20.229583333333334,60.23416666666666
2023-09-23,357.0,19.582083333333333,58.845416666666665
2023-09-24,357.0,20.624583333333334,69.49249999999999
2023-09-25,1248.0,21.193749999999998,67.81541666666666
2023-09-26,1306.0,21.273333333333333,69.55458333333333
2023-09-27,1217.0,22.579583333333332,66.24541666666666
2023-09-28,1266.0,22.687916666666666,71.07791666666667
2023-09-29,1242.0,23.700833333333335,66.13833333333334
2023-09-30,376.0,25.14833333333333,55.91125
2023-10-01,402.0,23.671666666666667,64.77625
2023-10-02,1428.0,22.28125,76.75083333333333
2023-10-03,1452.0,22.817916666666665,79.21708333333333
2023-10-04,1526.0,23.117500000000003,74.54041666666667
2023-10-05,1475.0,22.958333333333332,78.31416666666667
2023-10-06,1398.0,22.950833333333335,76.59416666666667
2023-10-07,405.0,23.09166666666667,73.36208333333333
2023-10-08,397.0,22.459999999999997,73.95833333333333
2023-10-09,1382.0,21.930000000000003,70.72458333333333
2023-10-10,1366.0,21.92,64.16541666666667
2023-10-11,1258.0,20.9375,71.76291666666667
2023-10-12,412.0,20.798333333333336,76.78833333333334
2023-10-13,1005.0,21.168333333333333,76.86708333333333
2023-10-14,386.0,21.220000000000002,68.62041666666667
2023-10-15,436.0,18.808333333333334,82.20041666666667
2023-10-16,1432.0,18.507083333333334,85.81166666666667
2023-10-17,1339.0,20.13,81.50458333333333
2023-10-18,1367.0,21.788750000000004,73.08125
2023-10-19,1372.0,19.655833333333334,75.44
2023-10-20,1179.0,17.292083333333334,66.66666666666667
2023-10-21,364.0,15.01,58.11708333333333
2023-10-22,392.0,16.027083333333334,60.939166666666665
2023-10-23,1233.0,19.3825,74.1075
2023-10-24,1150.0,16.12375,66.74833333333333
2023-10-25,1207.0,16.366666666666667,71.1025
2023-10-26,1262.0,18.765833333333333,73.31833333333334
2023-10-27,1051.0,15.935,67.60041666666667
2023-10-28,467.0,15.934583333333334,72.78708333333333
2023-10-29,488.0,16.042083333333334,80.59916666666668
2023-10-30,1188.0,15.734583333333333,80.61874999999999
2023-10-31,1068.0,13.457916666666668,65.50916666666667
2023-11-01,590.0,13.705416666666666,73.03125
2023-11-02,1146.0,15.46125,71.04916666666666
2023-11-03,1033.0,11.419583333333334,65.51
2023-11-04,469.0,14.027916666666668,74.51375
2023-11-05,350.0,13.400416666666667,61.62083333333334
2023-11-06,1060.0,11.825416666666667,65.47791666666667
2023-11-07,1080.0,11.01375,70.09166666666667
2023-11-08,1097.0,10.776666666666666,66.32625
2023-11-09,1216.0,12.129166666666668,75.14416666666666
2023-11-10,1108.0,12.806666666666667,66.78625000000001
2023-11-11,472.0,14.129583333333334,75.10416666666667
2023-11-12,410.0,16.02375,72.855
2023-11-13,1145.0,16.210416666666667,70.13958333333333
2023-11-14,1153.0,17.55375,66.42458333333333
2023-11-15,1196.0,15.218333333333334,87.53666666666668
2023-11-16,1221.0,15.384583333333333,79.53916666666667
2023-11-17,1058.0,14.020833333333334,81.02166666666666
2023-11-18,438.0,14.602916666666667,78.24416666666667
2023-11-19,404.0,15.711666666666666,66.52916666666667
2023-11-20,1249.0,13.992916666666666,74.73208333333334
2023-11-21,1195.0,12.7525,66.07833333333333
2023-11-22,1161.0,11.1425,57.41083333333333
2023-11-23,1207.0,10.802083333333334,44.430416666666666
2023-11-24,1120.0,12.347499999999998,54.465833333333336
2023-11-25,491.0,11.751666666666667,71.7225
2023-11-26,457.0,11.652083333333332,71.90041666666667
2023-11-27,1404.0,10.998750000000001,64.54333333333334
2023-11-28,1317.0,11.159583333333332,78.465
2023-11-29,1370.0,11.8125,92.16583333333334
2023-11-30,1222.0,13.557083333333333,89.08208333333333
2023-12-01,1271.0,11.893749999999999,84.205
2023-12-02,435.0,8.849583333333333,62.62125
2023-12-03,404.0,7.195416666666667,59.715
2023-12-04,1416.0,8.575833333333334,74.85083333333334
2023-12-05,1352.0,8.890833333333333,64.62375
2023-12-06,468.0,9.011666666666667,70.7025
2023-12-07,693.0,8.877916666666666,67.21958333333333
2023-12-08,461.0,10.387083333333333,73.23916666666666
2023-12-09,349.0,10.057083333333333,75.85708333333334
2023-12-10,347.0,11.5625,78.15125
2023-12-11,1304.0,12.21,80.36
2023-12-12,1348.0,12.590833333333334,72.04833333333333
2023-12-13,1328.0,10.470833333333333,79.80041666666666
2023-12-14,1235.0,9.005833333333333,59.356249999999996
2023-12-15,1187.0,10.36125,61.3725
2023-12-16,411.0,8.532083333333334,65.63375
2023-12-17,360.0,8.172916666666667,74.63375
2023-12-18,1301.0,9.399583333333334,46.69166666666666
2023-12-19,1324.0,11.327083333333334,45.04458333333333
2023-12-20,1409.0,8.067916666666667,71.78708333333334
2023-12-21,1295.0,9.800833333333333,69.52833333333334
2023-12-22,1035.0,10.892916666666666,66.59625
2023-12-23,348.0,10.849166666666667,67.22916666666667
2023-12-24,349.0,9.59375,78.60458333333334
2023-12-25,375.0,9.82375,65.36666666666666
2023-12-26,360.0,11.642916666666666,43.70374999999999
2023-12-27,376.0,10.327916666666667,45.069583333333334
2023-12-28,475.0,7.515416666666667,53.099583333333335
2023-12-29,479.0,9.214583333333334,54.70583333333334
2023-12-30,385.0,9.029166666666667,79.66083333333334
2023-12-31,429.0,7.690416666666667,83.43625
2024-01-01,436.0,8.515,78.61041666666667
2024-01-02,533.0,7.715,68.51
2024-01-03,558.0,10.917499999999999,85.51041666666667
2024-01-04,471.0,10.867083333333333,89.44083333333333
2024-01-05,458.0,9.822916666666666,80.81666666666666
2024-01-06,367.0,7.79375,59.893750000000004
2024-01-07,365.0,6.078333333333333,53.04291666666666
2024-01-08,1387.0,4.369166666666667,52.24125
2024-01-09,1496.0,6.1258333333333335,78.72625000000001
2024-01-10,1484.0,7.569583333333333,83.15583333333333
2024-01-11,1452.0,6.222916666666666,76.595
2024-01-12,1282.0,7.184583333333333,67.88333333333334
2024-01-13,557.0,6.681666666666666,66.6675
2024-01-14,694.0,9.888333333333334,72.40708333333333
2024-01-15,1387.0,10.191666666666666,86.71083333333333
2024-01-16,1415.0,11.088333333333333,86.86708333333333
2024-01-17,621.0,11.890416666666667,83.20666666666666
2024-01-18,1216.0,12.317916666666667,73.64708333333333
2024-01-19,1356.0,7.329166666666667,86.99333333333334
2024-01-20,439.0,6.550833333333333,66.11833333333333
2024-01-21,396.0,7.107083333333333,80.70458333333333
2024-01-22,1303.0,7.537916666666667,76.62291666666667
2024-01-23,1316.0,11.189166666666667,73.07666666666667
2024-01-24,1185.0,14.325000000000001,63.2725
2024-01-25,1167.0,14.290416666666667,58.55083333333334
2024-01-26,1110.0,13.754583333333334,62.043749999999996
2024-01-27,394.0,12.855833333333335,62.12291666666667
2024-01-28,380.0,10.693333333333333,80.25416666666666
2024-01-29,1372.0,9.922083333333333,86.8525
2024-01-30,1267.0,10.38,78.49249999999999
2024-01-31,1172.0,9.730416666666667,78.79583333333333
2024-02-01,1135.0,12.125833333333333,64.38041666666668
2024-02-02,1164.0,11.696666666666667,69.76291666666667
2024-02-03,345.0,12.387916666666667,57.555416666666666
2024-02-04,428.0,13.766666666666666,50.39875
2024-02-05,1097.0,13.44375,53.08291666666667
2024-02-06,1254.0,10.16125,74.9325
2024-02-07,1135.0,11.408333333333333,63.56375
2024-02-08,1095.0,11.887500000000001,68.55499999999999
2024-02-09,1198.0,11.5575,84.04541666666667
2024-02-10,479.0,10.937916666666666,71.08458333333333
2024-02-11,428.0,8.705833333333333,63.196666666666665
2024-02-12,1060.0,10.709166666666667,64.14874999999999
2024-02-13,1049.0,11.275833333333333,63.38125
2024-02-14,1123.0,13.4775,68.29333333333334
2024-02-15,1275.0,12.852083333333333,80.67999999999999
2024-02-16,1313.0,11.501666666666667,77.22833333333334
2024-02-17,406.0,13.563333333333333,63.1625
2024-02-18,373.0,13.467083333333333,63.75083333333333
2024-02-19,1295.0,13.660833333333334,64.35208333333334
2024-02-20,1217.0,11.787916666666668,64.65875
2024-02-21,1234.0,10.46875,83.22375000000001
2024-02-22,1320.0,12.852916666666665,73.9675
2024-02-23,1144.0,8.823333333333332,64.34708333333333
2024-02-24,405.0,8.385833333333332,64.62625
2024-02-25,433.0,9.0775,82.03083333333333
2024-02-26,1216.0,10.698333333333332,70.47
2024-02-27,1207.0,10.74375,58.125
2024-02-28,1272.0,10.86125,52.475
2024-02-29,1181.0,10.670416666666666,58.86083333333334
2024-03-01,1090.0,11.2975,59.793749999999996
2024-03-02,407.0,10.388333333333334,72.61
2024-03-03,379.0,8.75125,65.02125
2024-03-04,1284.0,9.281666666666666,59.39833333333333
2024-03-05,1206.0,10.970416666666667,61.55083333333334
2024-03-06,1130.0,9.821666666666667,69.4725
2024-03-07,1226.0,10.279166666666667,80.49416666666666
2024-03-08,1128.0,10.918333333333335,75.57166666666667
2024-03-09,529.0,8.802083333333334,92.00458333333334
2024-03-10,383.0,8.61875,76.44666666666667
2024-03-11,1118.0,10.020833333333334,66.02583333333332
2024-03-12,1134.0,10.70375,66.09958333333333
2024-03-13,1107.0,12.3525,72.50125
2024-03-14,1153.0,12.844166666666666,75.22
2024-03-15,1142.0,14.58375,77.06791666666668
2024-03-16,367.0,14.847083333333332,75.85666666666667
2024-03-17,445.0,16.5025,67.08125
2024-03-18,1238.0,16.172083333333333,70.70666666666666
2024-03-19,1168.0,15.84125,71.75458333333333
2024-03-20,1093.0,14.052083333333334,76.41583333333334
2024-03-21,1123.0,15.875,67.03541666666666
2024-03-22,1003.0,17.8425,60.68875
2024-03-23,356.0,15.54625,70.15125
2024-03-24,424.0,12.842916666666667,81.06208333333333
2024-03-25,927.0,11.528333333333334,83.58416666666666
2024-03-26,858.0,11.288333333333334,79.10458333333334
2024-03-27,703.0,10.430833333333334,68.94
2024-03-28,389.0,14.162916666666668,74.08291666666666
2024-03-29,316.0,14.805416666666666,79.6575
2024-03-30,295.0,12.09625,73.10916666666667
2024-03-31,359.0,12.110416666666666,85.15916666666666
2024-04-01,308.0,10.809583333333334,66.11791666666666
2024-04-02,1069.0,11.8925,62.479166666666664
2024-04-03,1004.0,14.217083333333335,67.07833333333333
2024-04-04,1013.0,15.914166666666667,66.83541666666666
2024-04-05,1004.0,15.700833333333334,63.82916666666667
2024-04-06,431.0,16.262916666666666,61.83708333333333
2024-04-07,543.0,15.957083333333335,68.42999999999999
2024-04-08,1141.0,16.28625,67.48666666666666
2024-04-09,938.0,13.393333333333333,62.57083333333333
2024-04-10,902.0,13.679166666666667,51.785
2024-04-11,920.0,14.567083333333334,51.85583333333333
2024-04-12,866.0,18.27375,45.538333333333334
2024-04-13,305.0,19.91125,45.54708333333334
2024-04-14,297.0,19.933333333333334,47.08208333333334
2024-04-15,942.0,18.312083333333334,58.75541666666667
2024-04-16,912.0,16.33875,66.42791666666666
2024-04-17,951.0,14.008333333333333,61.42083333333333
2024-04-18,983.0,13.330416666666666,59.76
2024-04-19,925.0,13.079166666666666,55.66916666666666
2024-04-20,391.0,15.014166666666666,61.54791666666667
2024-04-21,365.0,14.0325,63.72875
2024-04-22,1204.0,11.649166666666666,56.94
2024-04-23,930.0,10.362916666666667,46.669999999999995
2024-04-24,887.0,12.331249999999999,49.88041666666667
2024-04-25,1074.0,11.476666666666667,76.47125
2024-04-26,704.0,12.967916666666667,77.2
2024-04-27,366.0,13.859166666666667,90.60333333333334
2024-04-28,403.0,14.442916666666667,82.72833333333334
2024-04-29,1372.0,13.15125,87.8575
2024-04-30,1004.0,14.423333333333334,84.32666666666667
2024-05-01,314.0,14.607916666666666,69.00625000000001
2024-05-02,904.0,13.036666666666667,60.861250000000005
2024-05-03,852.0,14.401666666666666,58.66958333333333
2024-05-04,276.0,16.8625,65.26583333333333
2024-05-05,274.0,17.318749999999998,75.40833333333333
2024-05-06,1023.0,16.805416666666666,75.96625
2024-05-07,891.0,16.33791666666667,66.32583333333334
2024-05-08,831.0,17.600416666666668,59.56125
2024-05-09,886.0,18.023333333333333,57.00125
2024-05-10,970.0,18.62625,55.44
2024-05-11,300.0,18.975416666666668,53.560833333333335
2024-05-12,328.0,18.71291666666667,67.87958333333333
2024-05-13,1036.0,18.370416666666667,65.82208333333334
2024-05-14,1215.0,17.429583333333333,77.44708333333334
2024-05-15,1135.0,15.509583333333333,71.64666666666666
2024-05-16,1035.0,15.788333333333334,65.89041666666667
2024-05-17,996.0,16.670416666666668,78.03708333333333
2024-05-18,324.0,17.312083333333334,76.17
2024-05-19,278.0,17.148333333333333,71.71458333333334
2024-05-20,1018.0,18.115416666666665,64.1425
2024-05-21,965.0,17.832083333333333,63.08583333333333
2024-05-22,953.0,17.04,72.42791666666666
2024-05-23,954.0,17.499583333333334,67.40458333333333
2024-05-24,1002.0,17.09125,74.99125
2024-05-25,288.0,18.91875,67.34666666666666
2024-05-26,268.0,20.1325,67.82291666666667
2024-05-27,1035.0,19.809166666666666,75.14333333333333
2024-05-28,1063.0,20.361250000000002,67.21875
2024-05-29,1014.0,20.955000000000002,69.72541666666667
2024-05-30,1107.0,21.565,71.37958333333334
2024-05-31,1010.0,19.050416666666667,63.30291666666667
2024-06-01,390.0,18.173750000000002,72.30416666666666
2024-06-02,361.0,19.02625,68.58833333333332
2024-06-03,1026.0,20.638749999999998,65.10208333333334
2024-06-04,1019.0,20.197083333333335,73.13083333333334
2024-06-05,1076.0,21.485,69.34625
2024-06-06,1147.0,23.14916666666667,55.38333333333333
2024-06-07,1084.0,23.9825,49.26208333333333
2024-06-08,529.0,22.05125,60.965833333333336
2024-06-09,517.0,20.738333333333333,76.2
2024-06-10,1163.0,19.047916666666666,80.29125
2024-06-11,1199.0,17.20375,85.28458333333333
2024-06-12,1087.0,17.144583333333333,82.81875000000001
2024-06-13,966.0,18.774583333333332,72.56083333333333
2024-06-14,1072.0,21.03125,76.88375
2024-06-15,473.0,19.997916666666665,75.9375
2024-06-16,375.0,20.464166666666667,69.35416666666667
2024-06-17,1132.0,21.536666666666665,78.00791666666667
2024-06-18,1039.0,22.756249999999998,66.62875
2024-06-19,1265.0,22.624583333333334,69.42291666666667
2024-06-20,1143.0,21.201249999999998,80.83875
2024-06-21,956.0,21.84875,64.51666666666667
2024-06-22,314.0,22.679583333333337,66.87875
2024-06-23,376.0,20.649583333333332,72.63083333333334
2024-06-24,436.0,21.7825,66.45041666666667
2024-06-25,1077.0,22.865,66.61625
2024-06-26,1050.0,23.202916666666667,65.86708333333333
2024-06-27,1133.0,25.21875,55.16791666666666
2024-06-28,1103.0,24.84958333333333,55.28041666666667
2024-06-29,367.0,23.007499999999997,73.14666666666666
2024-06-30,315.0,22.937083333333334,76.16833333333334
2024-07-01,1259.0,21.8225,75.13083333333333
2024-07-02,967.0,22.512916666666666,65.33125
2024-07-03,926.0,23.365,64.5125
2024-07-04,955.0,22.709999999999997,70.18583333333333
2024-07-05,1136.0,23.91625,67.36833333333333
2024-07-06,498.0,23.618750000000002,68.46208333333333
2024-07-07,463.0,22.968333333333334,70.37625
2024-07-08,1170.0,23.733333333333334,71.56875000000001
2024-07-09,1167.0,24.63083333333333,66.91125
2024-07-10,1126.0,26.480416666666667,61.94958333333333
2024-07-11,1003.0,26.48375,66.11625
2024-07-12,869.0,24.949583333333333,75.69416666666667
2024-07-13,370.0,23.730833333333333,70.69625
2024-07-14,338.0,24.8,70.27541666666666
2024-07-15,1050.0,26.014166666666668,71.34041666666667
2024-07-16,1094.0,25.415000000000003,71.01625
2024-07-17,1030.0,25.724166666666665,64.07125
2024-07-18,1032.0,27.105,56.00958333333333
2024-07-19,994.0,28.193749999999998,54.01958333333334
2024-07-20,422.0,27.413749999999997,58.39625
2024-07-21,413.0,24.98,70.18833333333333
2024-07-22,1008.0,25.27,52.46958333333333
2024-07-23,1147.0,26.732083333333332,55.84833333333333
2024-07-24,905.0,27.299166666666665,58.66375
2024-07-25,1000.0,26.54875,64.05583333333333
2024-07-26,852.0,26.797916666666666,60.244166666666665
2024-07-27,614.0,27.126666666666665,55.694583333333334
2024-07-28,386.0,26.927083333333332,58.182500000000005
2024-07-29,763.0,29.276666666666667,44.20541666666667
2024-07-30,761.0,29.81125,39.65291666666666
2024-07-31,757.0,30.381666666666664,39.5375
2024-08-01,656.0,28.926666666666666,56.55375
2024-08-02,522.0,28.69875,59.80875
2024-08-03,282.0,27.094166666666666,59.690416666666664
2024-08-04,287.0,26.77416666666667,66.77791666666667
2024-08-05,291.0,27.24083333333333,65.84708333333333
2024-08-06,284.0,27.655833333333334,62.6675
2024-08-07,292.0,27.896666666666665,54.998333333333335
2024-08-08,288.0,27.79375,59.544999999999995
2024-08-09,287.0,28.670416666666668,54.555
2024-08-10,290.0,29.06125,50.24666666666667
2024-08-11,290.0,27.7975,57.90291666666667
2024-08-12,301.0,27.016666666666666,67.66375000000001
2024-08-13,355.0,27.189166666666665,61.98208333333333
2024-08-14,335.0,24.664583333333336,70.01958333333333
2024-08-15,344.0,24.35083333333333,63.74208333333333
2024-08-16,340.0,25.035833333333333,63.43291666666667
2024-08-17,299.0,26.59375,64.02583333333332
2024-08-18,330.0,25.4175,73.08666666666666
2024-08-19,318.0,24.020416666666666,58.26
2024-08-20,308.0,25.299166666666665,60.48708333333334
2024-08-21,317.0,25.929583333333337,65.19041666666666
2024-08-22,366.0,26.294583333333335,70.97791666666667
2024-08-23,320.0,26.782083333333333,61.708333333333336
2024-08-24,312.0,25.820000000000004,67.13666666666667
2024-08-25,346.0,24.96375,66.40833333333333
2024-08-26,597.0,25.98375,63.281666666666666
2024-08-27,624.0,26.10625,70.41833333333334
2024-08-28,667.0,26.075833333333335,69.14958333333333
2024-08-29,735.0,25.290000000000003,66.31375
2024-08-30,688.0,25.237083333333334,60.77791666666667
2024-08-31,426.0,25.29041666666667,61.560833333333335
2024-09-01,437.0,25.16875,61.95583333333334
2024-09-02,905.0,25.068749999999998,64.57000000000001
2024-09-03,1122.0,23.492499999999996,69.50833333333334
2024-09-04,1047.0,21.045416666666664,78.08541666666666
2024-09-05,875.0,20.390416666666667,61.687083333333334
2024-09-06,1069.0,22.19458333333333,78.14208333333333
2024-09-07,393.0,24.412499999999998,70.02708333333332
2024-09-08,490.0,21.88875,73.99875
2024-09-09,1140.0,22.524583333333336,61.88708333333333
2024-09-10,1139.0,21.958333333333332,69.985
2024-09-11,391.0,21.4525,69.94833333333334
2024-09-12,1354.0,20.267916666666668,66.9175
2024-09-13,968.0,17.847083333333334,52.513749999999995
2024-09-14,334.0,19.139583333333334,50.919999999999995
2024-09-15,340.0,21.18875,51.09833333333333
2024-09-16,1150.0,20.782083333333333,48.80125
2024-09-17,1188.0,19.35291666666667,63.327916666666674
2024-09-18,1272.0,18.088333333333335,74.18916666666667
2024-09-19,1119.0,19.223333333333333,71.115
2024-09-20,1190.0,18.55375,82.35666666666667
2024-09-21,509.0,18.745833333333334,83.4225
2024-09-22,435.0,19.933333333333334,75.89541666666666
2024-09-23,1143.0,19.13,71.1425
2024-09-24,1222.0,20.419583333333332,67.84291666666667
2024-09-25,1147.0,20.039166666666667,74.495
2024-09-26,1209.0,22.836249999999996,72.73291666666667
2024-09-27,1074.0,18.961666666666666,59.918749999999996
2024-09-28,380.0,17.18875,60.640833333333326
2024-09-29,375.0,18.095000000000002,68.02041666666666
2024-09-30,1202.0,19.965,75.35166666666667
2024-10-01,1286.0,19.45625,80.45541666666666
2024-10-02,1355.0,19.92625,77.59125
2024-10-03,1163.0,18.03625,64.02291666666666
2024-10-04,975.0,16.892916666666668,61.53333333333333
2024-10-05,362.0,17.859166666666667,67.85833333333333
2024-10-06,387.0,20.28375,74.06791666666668
2024-10-07,1288.0,20.02375,82.61916666666666
2024-10-08,1153.0,18.879583333333333,71.79708333333333
2024-10-09,1181.0,19.958333333333332,72.19375000000001
2024-10-10,1124.0,17.662916666666668,68.28583333333334
2024-10-11,1034.0,16.726666666666667,77.79333333333334
2024-10-12,484.0,18.038333333333334,88.66833333333334
2024-10-13,392.0,19.526666666666667,78.07166666666667
2024-10-14,1265.0,20.183333333333334,75.8175
2024-10-15,1354.0,18.835833333333333,88.4825
2024-10-16,1326.0,19.78625,87.58333333333333
2024-10-17,1323.0,18.290833333333335,82.95791666666666
2024-10-18,1107.0,14.053333333333333,73.91625
2024-10-19,375.0,16.429166666666667,69.09291666666667
2024-10-20,340.0,17.94666666666667,72.63208333333334
2024-10-21,1165.0,17.815416666666668,76.29166666666667
2024-10-22,1243.0,17.490833333333335,80.05499999999999
2024-10-23,1163.0,17.736666666666668,78.48333333333333
2024-10-24,1177.0,17.134583333333335,82.63166666666667
2024-10-25,1199.0,17.561666666666667,88.21833333333332
2024-10-26,497.0,14.600416666666666,92.19125000000001
2024-10-27,444.0,14.01625,82.63291666666667
2024-10-28,1295.0,16.397083333333335,91.86916666666667
2024-10-29,1177.0,16.945833333333333,88.33791666666667
2024-10-30,922.0,17.45,89.73333333333333
2024-10-31,1102.0,16.835416666666667,88.52541666666667
2024-11-01,632.0,16.024166666666666,84.80333333333333
2024-11-02,608.0,15.459166666666667,89.18083333333334
2024-11-03,501.0,16.923333333333336,91.6675
2024-11-04,804.0,17.199166666666667,92.94333333333333
2024-11-05,1026.0,17.60125,90.02375
2024-11-06,1188.0,16.622916666666665,91.12374999999999
2024-11-07,1153.0,15.017916666666666,90.36916666666667
2024-11-08,1106.0,15.647083333333335,85.76125
2024-11-09,404.0,15.795416666666666,83.92958333333333
2024-11-10,337.0,15.271666666666667,76.82791666666667
2024-11-11,1042.0,15.590833333333334,68.87958333333333
2024-11-12,1264.0,11.772916666666667,73.61208333333333
2024-11-13,1337.0,12.136249999999999,85.21666666666667
2024-11-14,1220.0,12.63875,73.69916666666667
2024-11-15,1356.0,12.28375,79.53708333333334
2024-11-16,410.0,13.41375,82.185
2024-11-17,401.0,13.811250000000001,76.6425
2024-11-18,1309.0,12.472083333333332,91.64791666666667
2024-11-19,1279.0,13.422083333333333,82.40208333333334
2024-11-20,1406.0,13.239583333333334,79.82291666666667
2024-11-21,1339.0,13.0625,79.48125
2024-11-22,1135.0,12.164166666666667,65.15333333333334
2024-11-23,402.0,12.218333333333334,84.60458333333334
2024-11-24,391.0,14.307916666666666,91.60833333333333
2024-11-25,1394.0,14.479999999999999,95.67416666666666
2024-11-26,1304.0,12.449583333333335,79.49833333333333
2024-11-27,1311.0,11.586666666666666,70.10958333333333
2024-11-28,1259.0,11.80375,69.35833333333333
2024-11-29,1248.0,12.807083333333333,76.14208333333333
2024-11-30,432.0,12.441250000000002,88.05583333333334
2024-12-01,447.0,12.674583333333333,87.88416666666666
2024-12-02,1377.0,13.042499999999999,80.69
2024-12-03,1332.0,11.925833333333335,81.40958333333333
2024-12-04,1324.0,10.924166666666666,65.89333333333333
2024-12-05,1261.0,10.241249999999999,67.20708333333333
2024-12-06,508.0,11.979999999999999,84.71875
2024-12-07,418.0,11.585,72.02041666666666
2024-12-08,396.0,8.251666666666667,63.97708333333333
2024-12-09,1489.0,8.141666666666667,65.05833333333334
2024-12-10,1616.0,7.100833333333333,81.02125
2024-12-11,1676.0,6.854583333333333,88.47958333333334
2024-12-12,1783.0,8.833333333333334,92.105
2024-12-13,1459.0,8.725416666666666,87.32041666666667
2024-12-14,454.0,7.416250000000001,80.98666666666666
2024-12-15,403.0,7.916666666666667,71.465
2024-12-16,1669.0,8.422916666666667,69.00958333333334
2024-12-17,1786.0,7.534583333333333,78.69458333333334
2024-12-18,1557.0,9.332083333333333,73.91791666666667
2024-12-19,1662.0,10.477083333333333,71.64208333333333
2024-12-20,1312.0,6.7441666666666675,64.785
2024-12-21,428.0,6.836666666666667,76.62625
2024-12-22,439.0,9.11,76.78958333333334
2024-12-23,644.0,6.519583333333333,62.559583333333336
2024-12-24,642.0,8.702083333333333,76.33541666666666
2024-12-25,445.0,11.033333333333333,82.425
2024-12-26,491.0,10.3475,89.445
2024-12-27,384.0,8.822083333333333,67.53541666666666
2024-12-28,365.0,8.795833333333333,58.50833333333333
2024-12-29,378.0,8.919583333333334,65.15833333333333
2024-12-30,373.0,8.917083333333332,67.97333333333333
2024-12-31,374.0,8.357083333333334,80.77708333333332
